metric,value,of
candidates_with_book_price,1967.0,1967.0
signed_drift_bps_mean,-0.18978199417998837,
signed_drift_bps_p50,-0.4197095609836943,
signed_drift_bps_p90,0.4200621691996531,
signed_drift_bps_p99,2.931568808108853,
signed_drift_bps_max,2.931568808108853,
signed_drift_bps_min,-2.931568808108853,
absolute_drift_bps_mean,0.6491005172725103,
absolute_drift_bps_p50,0.41995632454217,
absolute_drift_bps_p90,2.096084514127128,
absolute_drift_bps_p99,2.931568808108853,
absolute_drift_bps_max,2.931568808108853,
absolute_drift_bps_min,1.1102230246251565e-12,
spread_bps_mean,0.8706472471976552,
spread_bps_p50,0.8396658130056598,
spread_bps_p90,0.8405127127552104,
spread_bps_p99,1.680531047810774,
spread_bps_max,1.680531047810774,
spread_bps_min,0.8375560115587013,
book_exchange_time_lag_ms_vs_receipt_p50,2358.0,
book_exchange_time_lag_ms_vs_receipt_p90,2644.0,
book_exchange_time_lag_ms_vs_receipt_max,3074.0,
book_price_ts_before_decision_share,1.0,
reject_share_if_max_drift_2bps,0.10066090493136756,
reject_share_if_max_drift_5bps,0.0,
reject_share_if_max_drift_10bps,0.0,
reject_share_if_max_drift_15bps,0.0,
reject_share_if_max_drift_20bps,0.0,
old_path_price_vs_new_decision_price_bps_n,1967.0,
old_path_price_vs_new_decision_price_bps_mean,0.13007384351140508,
old_path_price_vs_new_decision_price_bps_p50,0.0,
old_path_price_vs_new_decision_price_bps_abs_mean,0.14715119802015597,
