feature_name,source,as_of,direction_signed,availability_at_entry
ret_1,candles via production entry_quality_features,signal_bar_close (<= decision time),True,True
ret_3,candles via production entry_quality_features,signal_bar_close (<= decision time),True,True
ret_5,candles via production entry_quality_features,signal_bar_close (<= decision time),True,True
ret_10,candles via production entry_quality_features,signal_bar_close (<= decision time),True,True
rsi_14,candles via production entry_quality_features,signal_bar_close (<= decision time),False,True
rsi_14_slope,candles via production entry_quality_features,signal_bar_close (<= decision time),True,True
macd_hist,candles via production entry_quality_features,signal_bar_close (<= decision time),True,True
macd_hist_slope,candles via production entry_quality_features,signal_bar_close (<= decision time),True,True
ema_fast_slope,candles via production entry_quality_features,signal_bar_close (<= decision time),True,True
price_dist_ema_fast,candles via production entry_quality_features,signal_bar_close (<= decision time),True,True
price_dist_ema_slow,candles via production entry_quality_features,signal_bar_close (<= decision time),True,True
atr_14,candles via production entry_quality_features,signal_bar_close (<= decision time),False,True
atr_pctile,candles via production entry_quality_features,signal_bar_close (<= decision time),False,True
bb_width,candles via production entry_quality_features,signal_bar_close (<= decision time),False,True
bb_position,candles via production entry_quality_features,signal_bar_close (<= decision time),False,True
volume_ratio,candles via production entry_quality_features,signal_bar_close (<= decision time),False,True
trend_strength,candles via production entry_quality_features,signal_bar_close (<= decision time),True,True
candle_body,candles via production entry_quality_features,signal_bar_close (<= decision time),False,True
upper_wick,candles via production entry_quality_features,signal_bar_close (<= decision time),False,True
lower_wick,candles via production entry_quality_features,signal_bar_close (<= decision time),False,True
dist_from_high20,candles via production entry_quality_features,signal_bar_close (<= decision time),True,True
dist_from_low20,candles via production entry_quality_features,signal_bar_close (<= decision time),True,True
ret_30,candles,signal_bar_close (<= decision time),True,True
ret_60,candles,signal_bar_close (<= decision time),True,True
rsi_accel,candles,signal_bar_close (<= decision time),True,True
rsi_extreme,candles,signal_bar_close (<= decision time),False,True
macd_hist_accel,candles,signal_bar_close (<= decision time),True,True
mom_accel,candles,signal_bar_close (<= decision time),True,True
ema_slow_slope,candles,signal_bar_close (<= decision time),True,True
price_dist_ema200,candles,signal_bar_close (<= decision time),True,True
htf_trend_60,candles,signal_bar_close (<= decision time),True,True
htf_trend_240,candles,signal_bar_close (<= decision time),True,True
pos_in_range60,candles,signal_bar_close (<= decision time),True,True
vol_10,candles,signal_bar_close (<= decision time),False,True
vol_60,candles,signal_bar_close (<= decision time),False,True
vol_ratio_10_60,candles,signal_bar_close (<= decision time),False,True
range_expansion,candles,signal_bar_close (<= decision time),False,True
extension_atr,candles,signal_bar_close (<= decision time),True,True
consec_dir,candles,signal_bar_close (<= decision time),True,True
vol_accel,candles,signal_bar_close (<= decision time),False,True
vol_z60,candles,signal_bar_close (<= decision time),False,True
body_signed,candles,signal_bar_close (<= decision time),True,True
regime_conf,market_regimes as-of signal bar,signal_bar_close (<= decision time),False,True
council_aligned,decisions.council_bias vs side,signal_bar_close (<= decision time),False,True
council_confidence,decisions,signal_bar_close (<= decision time),False,True
signal_confidence,decisions,signal_bar_close (<= decision time),False,True
setup_strength,decisions.agent_signal_reasoning,signal_bar_close (<= decision time),False,True
fam_recent_exp_6h,trades closed_at < decision time (6h),signal_bar_close (<= decision time),False,True
fam_recent_n_6h,trades closed_at < decision time (6h),signal_bar_close (<= decision time),False,True
