segment,window,slippage,gross_pnl,trades,win_rate,pf,exp,exp_bps,gross_exp_bps,net,gross_profit,gross_loss,fees,funding,avg_win,avg_loss,payoff,be_wr,max_dd,hold_avg_min,hold_med_min
ALL,2026-09-27 08:11:00+00:00 -> 2026-10-02 15:30:00+00:00,466.34675254524154,-461.4292878612138,43287,0.2925358652713286,0.28487990579300315,-0.03011455495013177,-13.3970981448888,-4.722906654626959,-1303.568740126354,519.2981471087099,1822.866887235064,842.1973985055414,-0.05794624040122004,0.04100909319345415,-0.05952412771796839,0.6889490827611884,0.5920841606220266,1303.5687401263579,8.884966618153255,5.983333333333333
LAST_72h,closed > 2026-09-29 16:27:00+00:00,256.8706446001986,-228.00040483250424,23540,0.30768903993203056,0.2895562753985872,-0.029217613281399844,-12.913487338725679,-4.25045624875408,-687.7826166441523,280.32026445318684,968.1028810973392,459.78118156907703,0.0010302425710499823,0.038702231734528074,-0.05940374799640051,0.651511613995689,0.6055058841400375,688.0975766451955,9.416256018125177,5.983333333333333
LAST_48h,closed > 2026-09-30 16:27:00+00:00,163.87319709628153,-125.0900767567275,15043,0.31157348933058565,0.3161159517422755,-0.027791244085560027,-12.129845389040858,-3.542940732534469,-418.0636847790795,193.24416169598626,611.3078464750657,293.0165544354267,-0.042946413074780025,0.04122981900917138,-0.05902934013857336,0.698463152601452,0.5887675564043585,418.086477052347,9.834692769615991,5.983333333333333
LAST_24h,closed > 2026-10-01 16:27:00+00:00,75.01311882598173,-31.349856184159048,7266,0.35645472061657035,0.4437786647332912,-0.022906940660949202,-10.382763836128719,-1.9064762713234416,-166.4418308424569,132.7948583842299,299.23668922668685,135.11216446765005,-0.020189809352190002,0.05127214609429726,-0.06399415937268751,0.8012004001130771,0.555185308607094,166.44183084245637,9.14532067162125,5.983333333333333
GEN_6,2026-10-02 00:57:00+00:00 -> 2026-10-02 15:53:59.999000+00:00,60.76819497747054,-20.610703831432836,5957,0.36595601812993117,0.47526367332110514,-0.021914324590003937,-9.917473871991312,-1.4690354273454724,-130.54363158265346,118.23585050290421,248.77948208555767,109.9575258599706,-0.024598108750000004,0.054236628671056976,-0.06586695316006293,0.8234270156577128,0.5484178919216564,134.46264664445562,9.479556264338873,5.983333333333333
family=breakout,all,18.491701977298227,-37.365112664865755,1721,0.1609529343404997,0.23225252542852012,-0.04191060969276256,-17.20724431013718,-8.65010540465876,-72.12815928124436,21.81960566777468,93.94776494901906,34.7582109273192,0.004835689059420002,0.07877113959485445,-0.06506077905056722,1.210731576602105,0.45233894995836643,72.43204091814162,7.881067208987023,4.983333333333333
family=hybrid,all,17.873569214102762,-33.54425725096635,2100,0.18523809523809523,0.23639308705539175,-0.030888287650456273,-16.934217843378,-8.441637080405105,-64.86540406595817,20.080663035274945,84.9460671012331,31.338028338916587,-0.016881523924779998,0.05162124173592531,-0.049647029281842836,1.0397649664570061,0.4902525616649657,64.8654040659582,8.555238095238094,5.983333333333333
family=market_structure,all,19.500322839581614,-27.117885322554926,1901,0.1883219358232509,0.2805930514615734,-0.032649716917204,-15.033040341396788,-6.427762694845763,-62.067111859604815,24.208273700268666,86.27538555987348,34.95606576432962,-0.006839227279730003,0.0676208762577337,-0.055914054154162986,1.2093717273888485,0.45261736067468034,63.125127184360935,10.648246536910397,6.983333333333333
family=mean_reversion,all,131.7484610163607,-106.53707370595492,11975,0.34755741127348644,0.23666718902124378,-0.02838686420193668,-12.860824165284944,-4.006738245280892,-339.93269881819174,105.39428559680437,445.3269844149961,233.3990907176052,-0.00346560536838,0.02532299029236049,-0.05699820611992783,0.4442769696835602,0.6923879705837164,339.93269881819185,7.6660055671537926,5.983333333333333
family=momentum,all,53.497952029099366,-76.23023719488931,5335,0.19194001874414246,0.29294236025702225,-0.033319926809894415,-14.8228300334146,-6.296110846088771,-177.7618095307867,73.64882453775238,251.4106340685391,101.53019763306453,0.0013747028328700023,0.0719226802126488,-0.05831840270668966,1.2332758936211161,0.4477727104189366,177.94925598698705,9.335160887222743,6.983333333333333
family=order_flow,all,19.84070049588332,-1.9749970392476133,2105,0.32304038004750596,0.5616421859509628,-0.018162943110514935,-8.91494348879275,-0.7149018484973513,-38.23299524763394,48.98569693098198,87.21869217861591,36.25097656287356,0.007021645512769995,0.07203778960438527,-0.0612060997744673,1.176970757323709,0.45935389652609054,39.53120585234327,8.151979414093429,4.983333333333333
family=scalping,all,62.95671345405867,-61.93861501095553,5747,0.18966417261179747,0.135929136673909,-0.03199150639260705,-12.960644095765497,-4.322176602494017,-183.8551872383127,28.922716799087688,212.7779040374004,121.93278170235774,-0.01620947500057,0.026534602567970356,-0.04568990853283238,0.5807541187985268,0.6326094539991225,183.8551872383127,3.2439910678034916,1.9833333333333334
family=trend_following,all,4.428006194018809,-7.981739276177761,427,0.23185011709601874,0.38849610192012235,-0.036525269794883394,-17.53588440052113,-9.154810447087375,-15.59629020241521,9.908518926991103,25.504809129406315,7.615777162192337,-0.0012262359548900013,0.10008604976758691,-0.07775856441892169,1.2871386003010117,0.43722754706181316,16.515328034159513,23.027829820452773,11.983333333333333
family=volatility,all,0.09122264895548723,0.11486353569784485,9,0.1111111111111111,0.5830213500818056,-0.009681347812227532,-4.045287424640125,4.6205470780898805,-0.08713213031004778,0.12182852109774474,0.20896065140779252,0.20199566600789265,0.0,0.12182852109774474,-0.026120081425974065,4.6641708006544444,0.17654834841570435,0.20896065140779252,7.872222222222222,7.983333333333333
family=vwap,all,137.91810267588258,-108.85423393129955,11967,0.38296983370936744,0.34788947767877926,-0.029167038668997766,-12.726972280796762,-3.996376359298163,-349.04195175189625,186.2077333926764,535.2496851445726,240.21427403087466,-0.026556210277929995,0.04063009674725647,-0.07248776884406455,0.5605096886711991,0.6408162712860291,349.0821399855619,12.160236483663407,7.983333333333333
regime=BREAKDOWN,all,38.995299657881866,-52.073887374351344,3884,0.20314109165808444,0.3023473658450552,-0.03251087794760797,-14.394981327395687,-5.8852146212282195,-126.27224994850937,54.72362646133301,180.99587640984237,74.25585246808245,-0.05748989392444,0.06935820844275413,-0.058480089308511264,1.1860140650069022,0.4574535983128922,127.03098199759171,8.02607277720563,5.983333333333333
regime=BREAKOUT,all,38.7088652316779,-40.57210491575969,3932,0.2062563580874873,0.3241710902918374,-0.028922159102398082,-12.98550525902738,-4.553419156695059,-113.72192959062926,54.548364794582554,168.2702943852118,73.07536680662885,0.07445786824072,0.06726062243475038,-0.05391550605101307,1.2475190786693275,0.44493504392944366,119.53249007309724,8.193404543913191,5.983333333333333
regime=HIGH_VOLATILITY,all,28.23115485243097,-48.21530190489859,2580,0.19612403100775194,0.24493882892175606,-0.038913948391290226,-16.601885894373535,-8.02490114679488,-100.39798684952878,32.56870604259578,132.96669289212457,52.2279645551285,-0.04527961049831,0.06436503170473475,-0.06411123090266373,1.0039587572800832,0.49901226577999636,101.19952719550427,7.0813953488372094,3.9833333333333334
regime=LOW_VOLATILITY,all,47.53414273179867,-23.491114646744272,4798,0.31742392663609836,0.21155459442628538,-0.02281599608983994,-11.26046087246731,-2.5439359796924403,-109.47114923905202,29.373149256663126,138.84429849571515,85.99595461022739,-0.015920017919630002,0.019286375086449852,-0.04239520564754661,0.45491877658968133,0.687323592279146,109.61961417309196,7.283875225788523,4.983333333333333
regime=RANGE,all,277.799420465388,-251.60893557433366,24975,0.3232432432432432,0.2628859168080685,-0.029862807534608474,-13.231685265664924,-4.478423693040981,-745.8236181768466,265.9921036815665,1011.815721858413,494.21589881705364,-0.0012162145407200002,0.0329483591826541,-0.059863668314898415,0.5503899127821099,0.6449990365362619,745.8236181768444,8.845235235235235,5.983333333333333
regime=TREND_DOWN,all,20.17479243653181,-38.61591840467396,1724,0.2766821345707657,0.33837040190897166,-0.04286851415527231,-17.995732250645446,-9.334401625904087,-73.90531840368946,37.796634799319186,111.70195320300866,35.28753270292935,0.0018672960861600002,0.0792382280908159,-0.08957654627346323,0.8845867739632867,0.5306203003308781,73.9053184036895,14.967092034029388,5.983333333333333
regime=TREND_UP,all,14.903077169532356,-6.8520250404523395,1394,0.3472022955523673,0.5659180010985465,-0.02437337727266754,-10.476710516517135,-2.0280148635649446,-33.97648791809855,44.29556207264984,78.2720499907484,27.138828545491208,-0.014365667844999997,0.09151975634845008,-0.08601324174807516,1.0640193822307382,0.4844915743568387,38.78653214947446,15.26740793878527,8.983333333333333
side=LONG,all,219.89999786897056,-258.32514140656866,20540,0.27872444011684516,0.2712765857271223,-0.03183355374287434,-14.271318488829609,-5.592893986473372,-653.8611938786389,243.40816932833783,897.2693632069765,395.1007380078646,0.43531446420553,0.042516710799709666,-0.06056492495490898,0.7020022039383961,0.5875433049886902,653.9779632209085,8.828610840636156,5.983333333333333
side=SHORT,all,246.44675467627098,-203.10414645464525,22747,0.3050072537037851,0.29806689259466973,-0.028562339923845576,-12.607697966203954,-3.9373287851881176,-649.7075462477153,275.88997778037213,925.5975240280874,447.0966604976767,-0.49326070460675003,0.03976505877491671,-0.058548771208051575,0.6791783662480735,0.5955293494129408,650.8936256545247,8.935854544921675,5.983333333333333
