scenario,level,trades,exp_bps,t_cluster,pf,win_rate,net_usd,max_dd_usd,avg_win_bps,avg_loss_bps,be_wr
S1_current(actual fills),trade,43287,-13.3970981448888,-19.430372693025475,0.28602517954129647,0.2925358652713286,-1303.568740126354,1303.5687401263579,18.3464901130721,-26.52304701213537,0.5911147899324966
S2_lower_slippage,trade,43287,-10.59015651669884,-16.022747673013537,0.3526753459779476,0.31046272552960474,-1031.2388817487304,1031.2388817487347,18.584285392852955,-23.725888385583403,0.5607608352030794
S3_maker_both,trade,43287,-2.915433209669229,-4.482810149068715,0.7367949755420904,0.3639198835678148,-286.0209572067974,292.96760616777544,22.425895378452974,-17.413942298384598,0.43709872614538453
S4_zero_slippage,trade,43287,-8.590156516698839,-12.996777726724556,0.42720095947500847,0.3275348256982466,-837.2799338215136,837.2799338215142,19.56021079140578,-22.301239264107107,0.5327392919866181
S5_zero_fee,trade,43287,-4.722906654626959,-6.957053834587736,0.6287677523333555,0.35881442465405317,-461.4292878612139,461.44835128920835,22.293796545147227,-19.84174773187043,0.47090284633377527
S6_plausible_maker,trade,43287,-7.915433209669229,-12.17087882819533,0.4475139630142687,0.3339108739344376,-770.9183270248393,770.9183270248451,19.201245938294473,-21.509040548644272,0.5283441214678042
S0_frictionless,trade,43287,0.08456679033077111,0.13003105840725374,1.0091976792709063,0.3795134797976298,4.917464684027669,67.99822406536657,24.44953609911217,-14.817987876807276,0.37735987341331506
S1_current,traded_signal_fixed_5m_exit,6500,-13.881722957077535,-40.17654711847526,0.15931996750837685,0.20553846153846153,,,12.799404022276157,-20.78450871316129,0.6188828823161412
S2_lower_slippage,traded_signal_fixed_5m_exit,6500,-11.381722957077532,-32.941035495980394,0.21946683097445865,0.2509230769230769,,,12.75395661060705,-19.466605556151993,0.6041671605666485
S3_maker_both,traded_signal_fixed_5m_exit,6500,-3.3817229570775336,-9.787398303996865,0.6336794181738052,0.42123076923076924,,,13.887568682713988,-15.950388695979498,0.5345670447055889
S4_zero_slippage,traded_signal_fixed_5m_exit,6500,-9.381722957077532,-27.15262619798451,0.2853783164377339,0.292,,,12.830528166929065,-18.542707883927715,0.5910358706341142
S5_zero_fee,traded_signal_fixed_5m_exit,6500,-5.1817229570775325,-14.996966672193158,0.4976552431740803,0.3789230769230769,,,13.547209428348353,-16.608366619525878,0.5507560722155946
S6_plausible_maker,traded_signal_fixed_5m_exit,6500,-8.381722957077532,-24.25842154898657,0.325515115418614,0.30815384615384617,,,13.12697468790428,-17.96187002910301,0.5777593279069934
S0_frictionless,traded_signal_fixed_5m_exit,6500,-0.3817229570775331,-1.1047843570030382,0.9496517110019987,0.4716923076923077,,,15.264026955555403,-14.350817084081777,0.4845818895711326
S1_current,traded_signal_fixed_10m_exit,6500,-14.089517623208355,-25.904989063956666,0.2548882118786204,0.26584615384615384,,,18.12984367718676,-25.756545353108347,0.5868914240205182
S2_lower_slippage,traded_signal_fixed_10m_exit,6500,-11.589517623208355,-21.308488715838685,0.3229845739761519,0.30030769230769233,,,18.411201016488032,-24.465815509023518,0.5706044284696561
S3_maker_both,traded_signal_fixed_10m_exit,6500,-3.589517623208356,-6.599687601861138,0.7016533182405875,0.43015384615384616,,,19.625180099220227,-21.113355320808335,0.5182649573216673
S4_zero_slippage,traded_signal_fixed_10m_exit,6500,-9.589517623208355,-17.631288437344296,0.3912125136203215,0.3343076923076923,,,18.43305899356495,-23.66232996160641,0.5621121588116251
S5_zero_fee,traded_signal_fixed_10m_exit,6500,-5.389517623208356,-9.909167852506085,0.5881270233472138,0.40292307692307694,,,19.100097800360807,-21.91574869621213,0.5343239398470855
S6_plausible_maker,traded_signal_fixed_10m_exit,6500,-8.589517623208355,-15.792688298097104,0.43083086945021015,0.34692307692307695,,,18.741358194292424,-23.108039406121023,0.5521713747653259
S0_frictionless,traded_signal_fixed_10m_exit,6500,-0.5895176232083558,-1.0838871841195574,0.9433089356498993,0.4743076923076923,,,20.681210836489587,-19.781105519388852,0.4888772393900533
S1_current,traded_signal_fixed_30m_exit,6500,-13.850758886925403,-15.112261851530599,0.4315397705009344,0.334,,,31.480950941034184,-36.58467943127751,0.5374912306132072
S2_lower_slippage,traded_signal_fixed_30m_exit,6500,-11.350758886925407,-12.384566211366797,0.5005878872657723,0.3556923076923077,,,31.986865973367244,-35.2754457725502,0.5244459320072549
S3_maker_both,traded_signal_fixed_30m_exit,6500,-3.350758886925404,-3.6559401628426196,0.8132208935295713,0.44676923076923075,,,32.654283386379255,-32.42713340352072,0.4982548783196297
S4_zero_slippage,traded_signal_fixed_30m_exit,6500,-9.350758886925403,-10.20240969923575,0.564356060486521,0.3816923076923077,,,31.736203154605896,-34.71446946792544,0.522409602459838
S5_zero_fee,traded_signal_fixed_30m_exit,6500,-5.150758886925404,-5.619881023760558,0.7282940098776962,0.4267692307692308,,,32.350846220478886,-33.070633435486734,0.5055011535874228
S6_plausible_maker,traded_signal_fixed_30m_exit,6500,-8.350758886925403,-9.111331443170227,0.5994810658730378,0.39153846153846156,,,31.92301731262273,-34.26650109371428,0.5177028314868898
S0_frictionless,traded_signal_fixed_30m_exit,6500,-0.35075888692540447,-0.3827053946460539,0.9785121905517489,0.47415384615384615,,,33.68709040230693,-31.04258203186808,0.47957267300303347
S1_current,traded_signal_fixed_60m_exit,6498,-11.672261863581925,-9.143593897113863,0.6143916335403182,0.4087411511234226,,,45.49938259390972,-51.19539764679323,0.529453580838099
S2_lower_slippage,traded_signal_fixed_60m_exit,6498,-9.172261863581925,-7.18519157458665,0.6816256570875076,0.42382271468144045,,,46.33403089710749,-50.00140990389672,0.5190344227228106
S3_maker_both,traded_signal_fixed_60m_exit,6498,-1.172261863581925,-0.9183041424995684,0.9520458187725642,0.48337950138504154,,,48.14683872232458,-47.31801549489927,0.4956590138107822
S4_zero_slippage,traded_signal_fixed_60m_exit,6498,-7.172261863581926,-5.61846971656488,0.7408583916115493,0.4412126808248692,,,46.473588274638956,-49.530469615242424,0.5159205840242179
S5_zero_fee,traded_signal_fixed_60m_exit,6498,-2.9722618635819247,-2.3283538147191614,0.8829262714760991,0.47045244690674054,,,47.64708401096981,-47.94271822467017,0.5015463689995486
S6_plausible_maker,traded_signal_fixed_60m_exit,6498,-6.172261863581926,-4.835108787553994,0.7724161255802959,0.44752231455832564,,,46.81009183653305,-49.08944419225444,0.5118840635216273
S0_frictionless,traded_signal_fixed_60m_exit,6498,1.8277381364180751,1.4317786445330873,1.0797070486173335,0.5033856571252693,,,49.18382999507734,-46.17405190686499,0.4842185143577993
