condition,value,side,signals,fwd1,fwd3,fwd5,fwd10,fwd15,fwd30,fwd60,t30,Q1_fwd30,Q2_fwd30,Q3_fwd30,Q4_fwd30
none,-,LONG,8721,0.08672055137773671,0.13759319019215935,0.11783823007546076,-0.0623825256278193,-0.024613065889006625,0.7850635928128707,0.3844184602258593,0.2818478598493756,-6.385137483921356,2.2720624731428822,2.4988147744093827,5.939264909765368
none,-,SHORT,9214,-0.11791279139352288,-0.1704288011026902,-0.2967966884645823,-0.47784544913102434,-0.42074442687345964,1.0112284976945114,2.9792364179030626,0.4225136951904371,2.047289674428578,-0.1594359500235916,-0.00452344027345023,3.146124549359263
family,breakout,LONG,85,-0.728253237132424,-1.244179178126921,-1.4989448326278874,-0.9779215529752446,-4.593940057083121,1.325118474959391,10.239740798806384,0.18883554653200718,-12.768290891251784,0.9154989903205909,-2.8735477504640916,11.9884949577664
family,breakout,SHORT,76,-0.28904581638451515,0.14660262081918707,-1.040407886969788,0.4423382695656044,4.744709376233944,10.846022334174277,22.16986394565605,1.08372954808605,-0.6652753140707054,46.31655779648828,-1.6457910470703012,-0.5518936374463568
family,hybrid,LONG,2081,0.04675288647030655,-0.23492935848176089,-0.49782422714317837,-1.2838693421350793,-0.8079963948985542,0.7717068006007579,1.4665150383357708,0.19223515880972497,-9.73569804936064,-1.1702090341821358,7.0430660101913105,14.996189060922639
family,hybrid,SHORT,2062,-0.1401099753333026,-0.1301940398800868,-0.23778923761365636,-0.3303254082257636,0.2749638308405991,2.8935657083885427,5.060545428045449,0.8042677837260233,4.704059197835658,3.8264505713113866,-3.514120945103904,10.969399159059309
family,market_structure,LONG,643,0.47681684003977826,1.375035969734136,2.4316099585529933,4.899092382039098,7.335280056421745,13.757966051162793,13.949131252115237,2.1281109255656134,4.914714991668603,8.407470120939228,28.834893827091783,21.770227932478306
family,market_structure,SHORT,732,-0.35502201025746244,-1.6957508998251065,-2.62217415534967,-4.653832109603771,-5.083342090474326,-7.667365755437842,-13.43763182579456,-1.6195018848173621,-4.0349905973044855,-15.417730999288814,-8.201133647800194,4.780566923778804
family,mean_reversion,LONG,991,-0.12283926242246283,0.20339691818768607,0.6719796773491351,1.2458574708512602,1.1326001606759495,0.09847802249279665,4.361306042960077,0.025140769650856137,-5.048405225334652,0.1446527302357019,-0.9713530920922799,6.86284353592297
family,mean_reversion,SHORT,1216,-0.1836064608390975,0.1520601598162619,0.211830296058231,0.552395061625452,-0.49980791388773477,-1.9405919930343931,-1.8538723147573328,-0.5664323566077926,4.712287612862917,-4.543122038526149,-3.077311660288389,-1.7201768904858088
family,momentum,LONG,344,0.3833404045972151,0.7065741167963593,0.13037248793827896,-0.30955157949807416,-0.5890125655513287,-4.795611636980286,-14.961812167625672,-1.0598685991220038,-9.328965127592358,-16.201296982172682,-0.8117440464502091,-0.10919521235286293
family,momentum,SHORT,381,0.06112722487550326,0.9325070942147059,0.7423086451640988,1.3663379442219037,3.559247759140257,6.18059638623326,5.999240045135415,1.1509476863015575,0.3402753916772739,8.580315920411326,7.033315860563792,7.811497038708251
family,order_flow,LONG,230,-0.20010299741515927,-1.3352881015067763,-1.6228051826134853,-3.173468966893349,-4.322255974046337,-1.6140856500758718,-3.6770619321846545,-0.2681394935054446,-10.583397440104017,-15.771259005222849,-0.45881541903255957,10.82340983773029
family,order_flow,SHORT,282,0.49169780372598504,0.637478391345933,0.8686571974077226,4.236655185710803,6.069477504939446,11.661187924953218,19.077300088563963,2.234938866654377,3.460859170623543,27.816265546139054,8.181736496356336,5.428248402821314
family,scalping,LONG,1578,0.21087783371122268,-0.019954600111908336,-0.4752640725637877,-1.5015522208533678,-1.947902658436726,-1.3586550197961376,-3.222876412083423,-0.5534623404151479,-8.545785484065487,2.340079026553634,-0.47864646731244154,1.51356729639661
family,scalping,SHORT,1517,0.1400897261368228,-0.11516051962396963,-0.4657770114924062,-1.1997894378491296,-0.9191645783604759,1.7119619750126653,2.283719374720835,0.6483705100129893,4.441612012912326,1.3415934656801292,3.4759891830898906,-2.9465210986005577
family,trend_following,LONG,139,0.8803868620796226,2.601809823312307,3.759236063742796,5.719448609145188,8.335686014028607,-6.168754354272549,-55.45283638008788,-1.3921962528392302,-23.631900133836844,,-2.8486215555154137,-4.5771445754972895
family,trend_following,SHORT,96,0.1807573512544828,1.6514950911120332,3.3301987000807287,5.118551579438475,5.144106732039404,14.323096382020083,23.09883932872862,4.1078860989538,4.571589456998372,,14.326820113641007,19.045796243055353
family,volatility,LONG,4,11.0806967144092,25.19826049880658,28.49313146499832,-19.343999560909875,-29.204475534054254,-32.98399343341391,-63.646661703822545,-1.6737449560672335,-32.98399343341391,,,
family,volatility,SHORT,3,7.1065888760490905,7.859821452021651,17.94363455510872,17.653878883037525,-8.309503102091517,6.231691977506281,3.0154247208339737,0.6882410988980425,6.231691977506281,,,
family,vwap,LONG,2626,-0.018761620017934653,0.13022752515372188,0.15451784615692268,0.1204665114433137,-0.2872779319083367,0.5064921756038085,1.9663871798255497,0.12663673979454357,-4.646256751481971,6.851794778462739,-3.8209550310851728,2.9247755074939334
family,vwap,SHORT,2849,-0.2476629267248135,-0.2804443832148999,-0.2450563609408632,-0.5115334925973949,-0.918591186927933,0.30134411714206744,4.934921124401296,0.12659057576098895,-0.7123935372270502,-1.615957571460007,1.4265308889964599,3.8394991043390725
regime,BREAKDOWN,LONG,11,-0.10907122744157682,-1.67511666649038,-5.412569188658018,-6.840214765193486,-13.88792164134254,-28.143883444544556,-50.70027163223336,-1.4591235678479628,-30.99783124697386,-42.51826608774989,-8.690926501711886,-59.547945355991615
regime,BREAKDOWN,SHORT,528,-0.4308047749828719,-0.21372660877280247,-1.1392663420803006,-2.3732390459707458,-0.2660132442304175,3.0677754794473486,-0.6734764276494806,0.5271763110092674,6.473424167998836,10.09620883484999,-5.042037223391227,1.8159298732781641
regime,BREAKOUT,LONG,513,1.5469723805584483,2.5803945591986586,2.004022781931276,3.105033235532502,-0.32635060457689485,3.0502425875376633,11.526882297305601,0.6694736143018202,-0.9760827500332867,-1.8565363450146792,2.8607174079330573,11.749625808363366
regime,BREAKOUT,SHORT,12,-3.9035371301686843,-1.4867390091125035,-4.853286598538638,-8.461275960828795,3.042520164400857,8.369620818868274,-2.1149022606850587,0.8960526903444608,-18.874117840144145,4.73679223246648,-12.513396865858617,38.638536001160595
regime,HIGH_VOLATILITY,LONG,678,-1.4504379248840764,-3.691978257294993,-5.953396113928158,-11.100376659344361,-12.529640587030494,-12.437958509475495,-16.88208086179471,-1.869077915611157,-37.39153442410009,-22.013704716701973,-10.312521689773114,14.661577882948338
regime,HIGH_VOLATILITY,SHORT,677,0.1430183582425447,0.4977187756944574,0.13421703960616538,2.2399674235698432,3.1159839719649765,10.135550235917862,31.862693161274656,1.6051526060366421,11.4047083261606,32.40080159772029,-2.724205332575733,-2.289777073635629
regime,LOW_VOLATILITY,LONG,1485,-0.2038082404919418,-0.6282232216532324,-1.1265383212292992,-1.8048119998797663,-1.5517991896878969,-5.65923475785287,-2.913951924250328,-0.8460473742799726,-5.83840392081567,-6.83363793373393,-7.093306170921859,-0.18151800065825963
regime,LOW_VOLATILITY,SHORT,1748,-0.11270091130336919,0.11506291330493162,0.38927031032257675,0.40982918635621784,0.054016947427793845,4.850755844936723,9.361298630030337,0.9359532243222591,0.2945575296959877,7.503077096523294,1.5576473185003155,8.042345740708646
regime,RANGE,LONG,5261,0.2754479633649109,0.7526412365158602,1.243489522845654,1.7775770425021924,2.1427032622324247,4.903603989301882,6.548091733658132,1.40333751266644,-3.4073060819125245,11.20490639823972,6.072988360361364,7.466335764587563
regime,RANGE,SHORT,5409,-0.17997022504764276,-0.5183574933283106,-0.7303347760837133,-1.4150569665463781,-1.7109737736241195,-2.8240968220733444,-4.738358047574636,-1.051667411123048,1.5847468763988544,-10.35386138100775,-1.3598489502296378,0.7670724796899367
regime,TREND_DOWN,LONG,259,-0.2510059747619133,-0.4049819093472548,-0.27140264149187837,-2.5993216007218685,-4.731616077998078,-8.18074607111499,-15.20817375384496,-1.208496462877352,11.007040754357641,-9.266150207382905,-14.743668022296763,-19.666013449910153
regime,TREND_DOWN,SHORT,629,0.24470941621438103,0.8626141578451955,1.2573575567413218,2.733563995204568,5.054973847541059,7.958120933344912,13.930449117840492,1.1097959906931438,-12.689243280373157,10.744003825815062,14.002791232951509,20.92810691259059
regime,TREND_UP,LONG,512,-0.2653239919803218,-0.9958269104285458,-1.2866071447490612,-1.0225740496981373,1.7760162804613209,-2.2749476131595907,-32.264911377594466,-0.25172059974352357,-23.83572169497416,-52.00673193612779,13.196956788080115,1.1366915642419915
regime,TREND_UP,SHORT,210,0.4681949036948212,1.3290361137291955,1.5551692413830445,3.090803286590044,0.485719014657353,11.591350399824618,31.343325277152648,1.182565829888198,21.436050963317463,41.86563438757145,7.779611330749732,1.421619375014837
regime,UNCERTAIN,LONG,2,0.8348635685079264,-7.092511960113401,-21.691417719454932,-2.503616210780546,-17.101269048309664,-14.183631784878138,-1.251808105390828,,,-14.183631784878138,,
regime,UNCERTAIN,SHORT,1,9.19040855543507,3.3419667474299253,-15.038850363440215,-5.848441808005145,-21.722783858300065,0.0,-11.69688361600807,,,0.0,,
volstate,HIGH_VOL,LONG,3234,0.0908456128795495,-0.10363904985237886,-0.5283797845319389,-1.2479138681597304,-1.9649951680260724,-4.242438012226836,-11.422410691758975,-0.9746530041402437,-10.503109823591963,1.557929221214505,-3.421507834275243,-3.199552352297589
volstate,HIGH_VOL,SHORT,3176,0.04049837099443581,0.05187340970598203,0.0834491205743418,0.633903699501393,1.8610841490521735,6.600271229965493,15.121193500927397,1.451003736826314,3.755827248878191,-1.898144629670962,16.18843634637568,18.586319621107048
volstate,LOW_VOL,LONG,1119,0.2568814571227253,0.46023459882640944,0.8186240326797763,2.3764436497954686,3.87573976979362,4.4247786828914,12.62954482762839,1.039710702357085,7.145505545244716,4.642068327840453,-0.6925179840506335,10.362819706681988
volstate,LOW_VOL,SHORT,1349,-0.1862600406272044,-0.24794813253010434,-0.5752772098365238,-1.8283149749298249,-2.054561191242738,-0.5920222784806244,-4.095747794092907,-0.13801667144805488,-5.32935403791069,3.2270339914568553,0.13719554807398576,-5.178530110032038
volstate,MID_VOL,LONG,4368,0.040074374082520375,0.23354312793078363,0.41661193156618803,0.18977069722519035,0.40926464435946275,3.5588076364094774,5.864701182616936,0.8682651691912637,-5.148993202734986,2.2912897062233,6.28140287065134,13.58033755818568
volstate,MID_VOL,SHORT,4689,-0.20551249311361938,-0.2985566187184579,-0.4739068362446461,-0.8397355461920225,-1.489442047249381,-2.284544032708106,-3.131755964526448,-0.7194224799869967,1.7526996491669196,0.09572759998193656,-5.839103771474786,-7.298945971980658
momstate,AGAINST_10m_MOMENTUM,LONG,3528,0.04932039099564485,0.643778661877629,0.9548050295630851,1.0199619637404451,0.7912350953289194,0.6774129417137819,2.5022855629395107,0.2100759365939479,-4.891476338923353,3.42963162772951,-3.1776706489101305,7.8769970257868644
momstate,AGAINST_10m_MOMENTUM,SHORT,4136,-0.08990704512847787,0.09551349152322643,0.2068129690706489,0.2698731306397887,-0.3813895938228,-0.33474549169173895,1.1793262234441244,-0.12743892063542397,2.720342653543943,-3.296957267863287,-0.7553007063937273,2.0375344647402884
momstate,WITH_10m_MOMENTUM,LONG,5193,0.11212932584875915,-0.20629711292864483,-0.4508865134900895,-0.7981265253371131,-0.57867915186549,0.8581522820762503,-1.0513889275906494,0.24939241367586995,-7.38091158058669,1.5198706900376429,6.26341256517541,4.483574741658401
momstate,WITH_10m_MOMENTUM,SHORT,5078,-0.1407277936689269,-0.3871652192900382,-0.7071269217469826,-1.0860390052480529,-0.4527604718172938,2.105479594609236,4.441685652279904,0.717275267746058,1.6117577807757693,2.684068607607762,0.6239773981399398,4.139236500163759
