horizon,mfe,mae,fwd,share_mfe_gt_cost,share_mae_gt_cost,mfe_minus_abs_mae,table,cls,OPPOSITE_direction_benchmark,actual_direction,share,mid,net
1.0,5.171554281741273,-5.032956849219814,-0.00035764464966497986,0.08338461538461539,0.08707692307692308,0.13859743252146012,excursion_by_horizon,,,,,,
3.0,10.043092107413223,-9.960025414711273,-0.17187348867029684,0.25953846153846155,0.2692307692307692,0.08306669270194991,excursion_by_horizon,,,,,,
5.0,13.369831399091435,-13.530890381285193,-0.3817229570775331,0.3690769230769231,0.38461538461538464,-0.16105898219375964,excursion_by_horizon,,,,,,
10.0,19.296644945943005,-19.905471145870685,-0.5895176232083558,0.5115384615384615,0.5396923076923077,-0.6088261999276793,excursion_by_horizon,,,,,,
15.0,23.61022829939312,-24.768698545143184,-0.9067159084533639,0.583076923076923,0.6218461538461538,-1.15847024575006,excursion_by_horizon,,,,,,
30.0,33.17214157529517,-34.39754184237868,-0.35075888692540447,0.685076923076923,0.7213846153846154,-1.2254002670835014,excursion_by_horizon,,,,,,
60.0,48.408427798297915,-47.97986633447723,1.8277381364180751,0.784923076923077,0.8055384615384615,0.4285614638206908,excursion_by_horizon,,,,,,
,,,,,,,class_shares_30m,A_bad_direction,0.12446153846153846,0.1383076923076923,,,
,,,,,,,class_shares_30m,B_insufficient_magnitude,0.15415384615384614,0.17661538461538462,,,
,,,,,,,class_shares_30m,C_poor_persistence,0.3683076923076923,0.35107692307692306,,,
,,,,,,,class_shares_30m,G_reached_cost_and_held,0.35307692307692307,0.334,,,
,,,,,,,D_execution,,,,0.12384615384615384,-0.49489793324926934,-13.89823032611856
