exit,n,exp_bps_S1like,frictionless_exp,pf,win_rate,avg_win,avg_loss,be_wr,t_cluster,flipped_direction_exp,edge_vs_flipped,share_tp,share_stop
"EXISTING (actual production exits, real fills)",6500,-13.89823032611856,-0.49489793324926934,,,,,,,,,,
fixed_5m,6500,-13.381722957077535,-0.38172295707753295,0.1697689529600694,0.2133846153846154,12.823548836198466,-20.490409046902258,0.6150697890296755,-38.72944479397629,-12.61827704292247,-0.7634459141550654,0.0,0.0
fixed_10m,6500,-13.589517623208355,-0.5895176232083559,0.26719339267942327,0.2726153846153846,18.175652809604102,-25.49473801384788,0.5837991722335728,-24.98568899433307,-12.410482376791645,-1.17903524641671,0.0,0.0
fixed_30m,6500,-13.350758886925407,-0.35075888692540447,0.4444990583657769,0.33753846153846156,31.64963689751215,-36.27943244731927,0.5340781611941765,-14.566722723497842,-12.649241113074593,-0.7015177738508136,0.0,0.0
fixed_60m,6498,-11.172261863581925,1.8277381364180751,0.6272790072540563,0.41120344721452756,45.72579437171329,-50.90869841891617,0.5268170499866557,-8.75191343260842,-14.827738136418075,3.6554762728361503,0.0,0.0
sl1_tp1,6498,-11.891951291244272,-0.28530309179828894,0.08864488720529316,0.2996306555863343,3.8604055788101177,-18.631094078762597,0.8283615749245804,-55.40746317634614,-11.27421753934539,-0.6177337518988821,0.4846153846153846,0.5150769230769231
sl1_tp2,6498,-12.673795574266318,-0.044371135977613725,0.23004932179667853,0.33748845798707294,11.220335022594016,-24.845648860889945,0.6888942484185978,-50.503262192904245,-11.396030969070045,-1.277764605196273,0.3384615384615385,0.660923076923077
sl1_tp4,6498,-12.918021862232683,0.5721289534028977,0.3340866298904825,0.21745152354570638,29.804025153195425,-24.789457935546334,0.4540735731268702,-32.4632815904452,-11.596569258252135,-1.321452603980548,0.21369230769230768,0.7792307692307693
sl1_tp8,6498,-14.04603264335105,0.22651275523312953,0.33666666813229174,0.13881194213604187,51.356467438437534,-24.588036766612902,0.3237632139940648,-23.554177297063916,-12.992825161210074,-1.0532074821409747,0.08630769230769231,0.8518461538461538
sl2_tp1,6498,-11.63306707858372,-1.0281117077003716,0.11510682332895175,0.3910433979686057,3.869719594751411,-21.588230317639717,0.8479956316958616,-33.06739152865701,-10.372352616991874,-1.2607144615918457,0.6275384615384615,0.3716923076923077
sl2_tp2,6498,-12.451839469822357,-0.8282629847500248,0.3060394354987915,0.4806094182825485,11.425726826363082,-34.54654748255928,0.7514648340087547,-26.39008182931731,-10.555085737933878,-1.896753731888479,0.4815384615384615,0.5158461538461538
sl2_tp4,6498,-12.672546639548797,0.005046466022147875,0.44223004497555046,0.33564173591874424,29.935124452530463,-34.19845135389321,0.5332378699281549,-18.913726251969166,-10.884879156215689,-1.7876674833331077,0.3253846153846154,0.6523076923076923
sl2_tp8,6498,-14.007880378800827,-0.21117369982268128,0.44809642477456646,0.23576485072329947,48.23937112992907,-33.211019587696164,0.40774536862362226,-14.022813811649593,-13.039191884204987,-0.96868849459584,0.13153846153846155,0.7270769230769231
sl4_tp1,6498,-11.428823170187384,-1.7372257555982795,0.13676459216959172,0.4675284702985534,3.8729142351313675,-24.86427930815223,0.8652299073916863,-21.84270847724947,-10.102292080518932,-1.3265310896684515,0.7556923076923077,0.23553846153846153
sl4_tp2,6498,-12.206995266683665,-1.6494390955540867,0.3681609402825291,0.6260387811634349,11.361581270025633,-51.662538209619235,0.8197264576826793,-16.37362331527679,-10.393473674393956,-1.8135215922897086,0.6256923076923077,0.3433846153846154
sl4_tp4,6498,-12.542586340206787,-0.8272893257407965,0.5187375448712579,0.46475838719606033,29.088783767668374,-48.691734622490564,0.6260145294769752,-16.307394196847472,-10.779204980199491,-1.7633813600072958,0.43846153846153846,0.454
sl4_tp8,6498,-13.891347165773448,-0.7734647404118,0.5281838392367503,0.3491843644198215,44.535042685797805,-45.23906023581724,0.5039210503202363,-10.403413703548717,-13.42956594037437,-0.4617812253990774,0.17753846153846153,0.5027692307692307
sl2_trail1,6498,-13.351070403978417,1.648006234987419,0.195650426742428,0.20406278855032317,15.91432536102121,-20.85414750846208,0.5671746983478987,-28.500558071577053,-12.089996971871972,-1.2610734321064445,0.0,0.9992307692307693
sl2_trail2,6498,-14.397032524031388,0.5881936994219809,0.2830110269995497,0.2342259156663589,24.262129765838285,-26.221639639220626,0.519407325329257,-21.43778954545965,-12.522403782286286,-1.8746287417451022,0.0,0.9923076923076923
sl4_trail1,6498,-13.537649021461306,1.444499331878183,0.22295033180640336,0.24392120652508464,15.924031737652575,-23.042384214458558,0.5913395843943446,-20.747501325180856,-12.167674960770048,-1.3699740606912574,0.0,0.9907692307692307
sl4_trail2,6498,-14.700991125717083,0.21036621500314054,0.3341801427411254,0.30917205293936595,23.865485985461312,-31.960971637269186,0.5725058153117679,-18.27851527059853,-12.675830659106603,-2.0251604666104797,0.0,0.9553846153846154
