universe,horizon_min,n,blocks,mean_bps,median_bps,sd_bps,dir_accuracy,t_cluster,p05,p25,p75,p95,mean_abs_move,mfe_mean,mae_mean,flipped_mean,S1_current_exp,S1_current_pf,S1_current_wr,S2_lower_slippage_exp,S2_lower_slippage_pf,S2_lower_slippage_wr,S3_maker_both_exp,S3_maker_both_pf,S3_maker_both_wr,S4_zero_slippage_exp,S4_zero_slippage_pf,S4_zero_slippage_wr,S5_zero_fee_exp,S5_zero_fee_pf,S5_zero_fee_wr,S6_plausible_maker_exp,S6_plausible_maker_pf,S6_plausible_maker_wr,S0_frictionless_exp,S0_frictionless_pf,S0_frictionless_wr
ALL_SIGNALS,1,17934,65,-0.018403067834464392,0.0,8.870569968235694,0.47248396989127406,-0.27153440150419705,-13.944713313099877,-4.238006441769915,4.226542688081647,13.628271939932432,6.245425996217748,5.151221136228776,-5.048641479198875,0.018403067834464392,-13.518403067834464,0.026315439074009565,0.05152224824355972,-11.018403067834464,0.04551463816944422,0.07633545221367236,-3.0184030678344644,0.38624196625955826,0.3226831716293075,-9.018403067834464,0.07334464237219951,0.11235641797702688,-4.818403067834464,0.22583919001315308,0.24060443849671015,-8.018403067834464,0.09430043491413423,0.13348946135831383,-0.018403067834464392,0.9941240197820599,0.4725103156016505
ALL_SIGNALS,3,17932,65,-0.020626225479090824,0.0,15.613665839876854,0.47989963758015053,-0.13845035908821973,-23.643858645829294,-8.443093549476144,8.409014463504338,23.775154963063816,11.212192750114394,10.139517461333268,-9.940107327378945,0.020626225479090824,-13.520626225479091,0.10302882329404722,0.14382110194066475,-11.020626225479091,0.15131173543213244,0.18570153914789203,-3.020626225479091,0.5855925286340151,0.39917465982600936,-9.020626225479091,0.20916187014780963,0.23633727414677672,-4.820626225479091,0.427484602993215,0.3514387686816864,-8.020626225479091,0.24713208938748826,0.2617109078741914,-0.020626225479090824,0.9963275068308486,0.47997992415792995
ALL_SIGNALS,5,17930,65,-0.09514490432240848,0.0,20.15706634300783,0.4802899358795651,-0.4306246864345467,-30.791743533408134,-11.228147928878107,10.931718802555945,31.140017488757923,14.633775742379795,13.52742519922452,-13.318609613675026,0.09514490432240848,-13.595144904322407,0.16566184584589075,0.2022308979364194,-11.095144904322407,0.22704743987135537,0.24511991076408254,-3.0951449043224084,0.6561177948166548,0.422643614054657,-9.095144904322407,0.29445194083050885,0.2890686001115449,-4.895144904322408,0.5143371381346373,0.38326826547685444,-8.095144904322407,0.3357486334275005,0.3058003346346905,-0.09514490432240848,0.9870805327009876,0.4804238706079197
ALL_SIGNALS,10,17921,65,-0.27573587002824324,-0.819739322894808,27.549780985069926,0.47962085308056873,-0.649649201957537,-43.27563249001298,-15.552099533435726,14.437367303609117,43.26433661350437,20.12466029163226,19.53932405553847,-19.468792684521237,0.27573587002824324,-13.775735870028242,0.262566436661362,0.26605658166396967,-11.275735870028242,0.33239783476477064,0.29953685620222087,-3.275735870028243,0.722818250987711,0.4360805758607221,-9.275735870028242,0.4024693220376344,0.3339099380614921,-5.075735870028243,0.6054127012485261,0.40723173930026224,-8.275735870028242,0.4432097666915288,0.34875285977345016,-0.27573587002824324,0.9729675965267335,0.4799955359633949
ALL_SIGNALS,15,17913,65,-0.22806354995404143,-0.8345852111513175,32.80052597650658,0.4833008084750488,-0.38983853480882164,-51.44206442907695,-18.62498987772243,17.769504146217805,53.06394863054061,24.215348472694497,23.983371284571522,-24.168900535041836,0.22806354995404143,-13.728063549954042,0.3282096807950976,0.30128956623681125,-11.22806354995404,0.4004469885634084,0.33232847652542846,-3.2280635499540415,0.7664653673638898,0.44392340758108634,-9.228063549954042,0.4702783793153884,0.3601853402556802,-5.028063549954041,0.6614063741002106,0.4182995589795121,-8.228063549954042,0.5098272874535872,0.3730251772455758,-0.22806354995404146,0.9813394668679867,0.48389437838441357
ALL_SIGNALS,30,17897,64,0.9011978877149366,0.0,45.423740079130894,0.4923891831614162,1.0654169056365186,-71.70575333220741,-24.42310931446867,25.863507425329946,77.61834467826789,33.63271476134239,34.348267073662065,-34.07150322739128,-0.9011978877149366,-12.598802112285062,0.4779607858580349,0.3565402022685366,-10.098802112285062,0.5521929600865888,0.3779963122311002,-2.0988021122850635,0.8828849533458912,0.4662792646812315,-8.098802112285062,0.6203154939526445,0.400793429066324,-3.8988021122850625,0.7937307176217394,0.44716991674582335,-7.098802112285064,0.6576355736902437,0.410012851315863,0.9011978877149366,1.055066063158292,0.493434653852601
ALL_SIGNALS,60,17859,64,1.71880493893729,1.6110842597061303,66.02333862438196,0.5037635907443546,1.7316244847136513,-105.30878331928437,-35.880732602016074,38.56045763231231,109.8667201570604,49.66158881207655,49.89008619657357,-48.61396072276791,-1.71880493893729,-11.781195061062709,0.62298999341157,0.41542079623719136,-9.281195061062709,0.688616708611648,0.43020325886107846,-1.2811950610627099,0.9497143574236441,0.4871493364690072,-7.281195061062711,0.746157785063078,0.44649756425331766,-3.081195061062709,0.8833493824861386,0.47488661179237357,-6.281195061062711,0.7767341715751263,0.45293689456296543,1.71880493893729,1.0717023418366942,0.5059073856318943
TRADED_SIGNALS,1,6500,64,-0.00035764464966497986,0.0,8.66791170058953,0.4724615384615385,-0.002989618066787345,-14.131984983321576,-4.226274755783632,4.23944378497465,13.635588886995453,6.197569576515307,5.171554281741273,-5.032956849219814,0.00035764464966497986,-13.500357644649666,0.02510977731480469,0.05276923076923077,-11.000357644649666,0.04440179593788791,0.07753846153846154,-3.0003576446496645,0.38600548309458016,0.32369230769230767,-9.000357644649664,0.07211112918477207,0.11246153846153846,-4.800357644649664,0.22402671224333745,0.24369230769230768,-8.000357644649664,0.09289307004015084,0.12984615384615383,-0.00035764464966497986,0.9998845921751248,0.4724615384615385
TRADED_SIGNALS,3,6500,64,-0.17187348867029684,0.0,15.118469687373995,0.47615384615384615,-0.7504782570253651,-24.277748209686802,-8.457374830852515,8.342546734173562,23.74753012507063,11.015909069791647,10.043092107413223,-9.960025414711273,0.17187348867029684,-13.671873488670299,0.09532307166296913,0.13892307692307693,-11.171873488670299,0.1412497050040372,0.17984615384615385,-3.171873488670297,0.5642677682441254,0.3936923076923077,-9.171873488670297,0.19682554183882556,0.23184615384615384,-4.971873488670297,0.40941714100204757,0.3473846153846154,-8.171873488670297,0.23356097261358713,0.25676923076923075,-0.17187348867029684,0.9692747892136497,0.47615384615384615
TRADED_SIGNALS,5,6500,64,-0.3817229570775331,-0.8403716237087577,19.951705594933404,0.4716923076923077,-1.1047843570030382,-31.880196456665953,-11.80239419996676,11.00878587274784,31.11629939294211,14.781571155764565,13.369831399091435,-13.530890381285193,0.3817229570775331,-13.881722957077535,0.15931996750837685,0.20553846153846153,-11.381722957077532,0.21946683097445865,0.2509230769230769,-3.3817229570775336,0.6336794181738052,0.42123076923076924,-9.381722957077532,0.2853783164377339,0.292,-5.1817229570775325,0.4976552431740803,0.3789230769230769,-8.381722957077532,0.325515115418614,0.30815384615384617,-0.3817229570775331,0.9496517110019987,0.4716923076923077
TRADED_SIGNALS,10,6500,64,-0.5895176232083558,-0.8465250148148584,27.244355774086113,0.4743076923076923,-1.0838871841195574,-43.43677627027231,-16.469050280695786,14.396714335967175,43.29364748980047,20.208032395176783,19.296644945943005,-19.905471145870685,0.5895176232083558,-14.089517623208355,0.2548882118786204,0.26584615384615384,-11.589517623208355,0.3229845739761519,0.30030769230769233,-3.589517623208356,0.7016533182405875,0.43015384615384616,-9.589517623208355,0.3912125136203215,0.3343076923076923,-5.389517623208356,0.5881270233472138,0.40292307692307694,-8.589517623208355,0.43083086945021015,0.34692307692307695,-0.5895176232083558,0.9433089356498993,0.4743076923076923
TRADED_SIGNALS,15,6500,64,-0.9067159084533639,-1.6712626856041357,32.25660909119772,0.4706153846153846,-1.3885636448698293,-51.05807853116784,-20.13612027034678,17.662274023392264,53.35797178365862,24.32290745282563,23.61022829939312,-24.768698545143184,0.9067159084533639,-14.406715908453362,0.3117683629155504,0.2955384615384615,-11.906715908453362,0.38018374557433887,0.32646153846153847,-3.906715908453364,0.7258283326305263,0.43538461538461537,-9.906715908453364,0.44621479740380177,0.3526153846153846,-5.706715908453363,0.6267714120983728,0.41107692307692306,-8.906715908453364,0.48358467496950663,0.3658461538461538,-0.9067159084533639,0.9281229136503926,0.4706153846153846
TRADED_SIGNALS,30,6500,64,-0.35075888692540447,-1.6750418760480557,43.29561797016535,0.47415384615384615,-0.3827053946460539,-71.03127548075427,-25.267418301090917,22.693844326833744,75.84439961118399,32.296485846897696,33.17214157529517,-34.39754184237868,0.35075888692540447,-13.850758886925403,0.4315397705009344,0.334,-11.350758886925407,0.5005878872657723,0.3556923076923077,-3.350758886925404,0.8132208935295713,0.44676923076923075,-9.350758886925403,0.564356060486521,0.3816923076923077,-5.150758886925404,0.7282940098776962,0.4267692307692308,-8.350758886925403,0.5994810658730378,0.39153846153846156,-0.35075888692540447,0.9785121905517489,0.47415384615384615
TRADED_SIGNALS,60,6498,64,1.8277381364180751,0.8445957754632527,63.3200997282182,0.5032307692307693,1.4317786445330873,-99.93365368779561,-34.45886909945073,37.002775208141436,109.8056525811752,47.689131027601,48.408427798297915,-47.97986633447723,-1.8277381364180751,-11.672261863581925,0.6143916335403182,0.4087411511234226,-9.172261863581925,0.6816256570875076,0.42382271468144045,-1.172261863581925,0.9520458187725642,0.48337950138504154,-7.172261863581926,0.7408583916115493,0.4412126808248692,-2.9722618635819247,0.8829262714760991,0.47045244690674054,-6.172261863581926,0.7724161255802959,0.44752231455832564,1.8277381364180751,1.0797070486173335,0.5033856571252693
TRADED|breakout,1,133,53,-0.21934103929960702,0.0,11.768677904841697,0.46616541353383456,-0.1976096199218771,-15.834013760979815,-8.423890152472469,4.192169028254256,25.32270206675302,8.236044883814438,7.880197580551628,-6.507635310801785,0.21934103929960702,-13.719341039299607,0.08353822961079169,0.09022556390977443,-11.219341039299607,0.11672280701545999,0.09774436090225563,-3.219341039299607,0.469426192714137,0.3007518796992481,-9.219341039299605,0.15546286569117934,0.12781954887218044,-5.019341039299607,0.3221659595496566,0.23308270676691728,-8.219341039299607,0.18168791047251562,0.12781954887218044,-0.21934103929960702,0.9481180300239154,0.46616541353383456
TRADED|breakout,3,133,53,-0.7323104935496143,-1.6861984655580642,18.768499029022365,0.39097744360902253,-0.37541026991027954,-30.30500606360942,-11.532125205930832,5.62023283821711,33.826571381192686,13.48014178604628,13.77790504227498,-12.31598989921049,0.7323104935496143,-14.232310493549615,0.1703096683263537,0.16541353383458646,-11.732310493549615,0.22289393508539274,0.19548872180451127,-3.7323104935496145,0.5857900198871413,0.3233082706766917,-9.732310493549615,0.27917585574442616,0.21052631578947367,-5.5323104935496135,0.4625573652251871,0.2706766917293233,-8.732310493549614,0.3132768550380447,0.21804511278195488,-0.7323104935496143,0.8969480453980548,0.39097744360902253
TRADED|breakout,5,133,53,-1.686491539781433,-5.781779136038168,25.604449465563633,0.39097744360902253,-0.5665312600154013,-35.72087681193725,-16.969285593075867,11.049723756907381,48.82692470568248,19.09660735734185,17.558064105969343,-16.48627340187212,1.686491539781433,-15.186491539781434,0.23371749746840814,0.21052631578947367,-12.686491539781434,0.29065008506474277,0.2556390977443609,-4.686491539781433,0.617473960519277,0.3609022556390977,-10.686491539781432,0.3490813466293093,0.2706766917293233,-6.486491539781433,0.5178338297040505,0.3082706766917293,-9.686491539781432,0.3827166289544751,0.2932330827067669,-1.686491539781433,0.8377054790404839,0.39097744360902253
TRADED|breakout,10,133,53,-0.4272298153448453,-4.916018025400426,32.78204943560736,0.42105263157894735,-0.12025032885307485,-45.56150492718469,-19.743336623889718,16.035108447971513,53.508154148993,24.14620462678548,25.583326346594486,-22.591565487482047,0.4272298153448453,-13.927229815344843,0.3381676532806034,0.2857142857142857,-11.427229815344845,0.40712986473581503,0.3007518796992481,-3.4272298153448455,0.7558037079236511,0.39849624060150374,-9.427229815344845,0.4728646003921066,0.3082706766917293,-5.227229815344845,0.65457484304361,0.38345864661654133,-8.427229815344843,0.5099197656667211,0.3157894736842105,-0.4272298153448453,0.9652283187072642,0.42105263157894735
TRADED|breakout,15,133,53,-1.2279731513100396,-5.931198102016033,38.21688500160926,0.41353383458646614,-0.2872130400150878,-67.11302468681701,-21.388614675879047,18.854004426591686,72.14675680396665,28.66964316264767,30.393298196542496,-28.330497328005986,1.2279731513100396,-14.727973151310039,0.37633298060525244,0.2932330827067669,-12.227973151310039,0.4416247805435522,0.3308270676691729,-4.2279731513100405,0.7471558941894816,0.39849624060150374,-10.227973151310039,0.5025885572915609,0.3383458646616541,-6.0279731513100385,0.6621393453520995,0.3609022556390977,-9.227973151310039,0.5363431259969823,0.3458646616541353,-1.2279731513100396,0.9178547788950813,0.41353383458646614
TRADED|breakout,30,133,53,3.7328497851668043,-2.521432173474558,50.62884723266983,0.47368421052631576,0.6360816024977816,-64.3079237273656,-31.96231810917549,18.4998318197116,94.48356383683043,37.64889430813472,40.60992960946303,-36.886014310553854,-3.7328497851668043,-9.767150214833196,0.6106142533368818,0.3082706766917293,-7.267150214833195,0.6894277930745413,0.3458646616541353,0.732849785166805,1.0394627238025882,0.44360902255639095,-5.267150214833195,0.7619503383975831,0.3684210526315789,-1.0671502148331957,0.9455165204416024,0.42105263157894735,-4.267150214833194,0.8015580754069517,0.39097744360902253,3.7328497851668043,1.2201229440325165,0.47368421052631576
TRADED|breakout,60,133,53,13.138363346242597,6.703536115300057,77.59569376785743,0.5263157894736842,1.4155941572530495,-103.82744184627835,-39.30751860834691,59.28686372490777,160.94200873455915,61.08833397936248,61.51458813857139,-50.140214661413744,-13.138363346242597,-0.36163665375740084,0.9882454246568882,0.45864661654135336,2.1383633462425995,1.0726911469744738,0.47368421052631576,10.138363346242597,1.3991520881855806,0.518796992481203,4.1383633462426,1.1458266460676738,0.48120300751879697,8.338363346242597,1.3173989724073105,0.5112781954887218,5.1383633462426,1.1844160151963652,0.48872180451127817,13.138363346242597,1.5480029778023552,0.5263157894736842
TRADED|hybrid,1,844,45,-0.16336236409212007,0.0,8.271553769877155,0.46800947867298576,-0.9420971596588649,-14.183963125368182,-4.860766016268892,4.2404325755915355,12.707072437515565,6.045794670182046,4.93874292575432,-4.9614723506507,0.16336236409212007,-13.663362364092121,0.017641243947453682,0.04265402843601896,-11.163362364092121,0.033550425931657905,0.07464454976303317,-3.16336236409212,0.35437095693369847,0.3246445497630332,-9.163362364092121,0.05840808878713653,0.11018957345971564,-4.963362364092119,0.19925259854227495,0.24407582938388625,-8.163362364092121,0.07745171942388143,0.12440758293838862,-0.16336236409212007,0.9473801795669302,0.46800947867298576
TRADED|hybrid,3,844,45,-0.8064083289600958,-0.8397010664196181,14.393204919429527,0.4537914691943128,-1.968016077123377,-25.087502483008116,-9.18925735625048,8.105214926581727,21.394879690245304,10.851062016338076,9.51929517186449,-9.955204552533033,0.8064083289600958,-14.306408328960094,0.0736702321306532,0.13270142180094788,-11.806408328960094,0.11392143087200096,0.17061611374407584,-3.806408328960096,0.4967518657900239,0.38388625592417064,-9.806408328960098,0.16335489937190104,0.22748815165876776,-5.606408328960096,0.35634053548436184,0.3424170616113744,-8.806408328960098,0.19648594406202097,0.2523696682464455,-0.8064083289600958,0.8616495165633691,0.4537914691943128
TRADED|hybrid,5,844,45,-1.8810937315003775,-1.6954899966092896,18.694705352454285,0.4395734597156398,-3.0229029323494228,-31.762749195488432,-13.498977481148644,10.028634420749526,26.493644393430372,14.340192176324683,12.578540122139543,-13.61340738343242,1.8810937315003775,-15.381093731500377,0.11620415209712263,0.17654028436018956,-12.881093731500378,0.16350214279633524,0.21919431279620852,-4.8810937315003775,0.5042639715208845,0.39928909952606634,-10.881093731500378,0.21655019236645512,0.26540284360189575,-6.681093731500377,0.3907541421811513,0.3590047393364929,-9.881093731500378,0.24915110424228287,0.2772511848341232,-1.8810937315003775,0.768070947989031,0.4395734597156398
TRADED|hybrid,10,844,45,-3.9961661476137733,-4.189128481581483,26.512261101844693,0.4206161137440758,-4.32135506565017,-45.879945433061394,-21.069965527471815,12.724805985582787,41.4642356174911,21.024905009071826,18.653376035870718,-20.675116835600342,3.9961661476137733,-17.49616614761377,0.18775516029908468,0.2381516587677725,-14.996166147613772,0.23806298191827668,0.273696682464455,-6.996166147613773,0.510739402642073,0.3767772511848341,-12.996166147613772,0.2881632332584031,0.30450236966824645,-8.796166147613773,0.43039173709719913,0.35545023696682465,-11.996166147613772,0.31705620160063386,0.31161137440758296,-3.9961661476137733,0.6805759335730115,0.4206161137440758
TRADED|hybrid,15,844,45,-4.20330648794754,-5.922170949627659,31.005481203998986,0.41824644549763035,-3.12862037075018,-55.74514171944522,-24.131681693437823,16.786324378695596,46.378084620814825,24.68755962105962,22.73695287090826,-26.170322741364288,4.20330648794754,-17.70330648794754,0.23844999171544312,0.27488151658767773,-15.20330648794754,0.29175089032128526,0.3033175355450237,-7.20330648794754,0.5558724850800639,0.3909952606635071,-13.20330648794754,0.34296734939900175,0.3234597156398104,-9.003306487947539,0.4806454646785629,0.3684834123222749,-12.20330648794754,0.37169046003708783,0.33175355450236965,-4.20330648794754,0.7090217737268114,0.41824644549763035
TRADED|hybrid,30,844,45,-2.223337695372824,-3.3201015199296746,42.46554783970315,0.43601895734597157,-1.1643552761893254,-74.77070364115633,-24.189877042417596,20.117361825428006,73.06625111664299,31.192461657927506,32.790903069419514,-36.334665783721384,2.223337695372824,-15.723337695372823,0.3761827237801027,0.3033175355450237,-13.223337695372823,0.4373497977349893,0.33293838862559244,-5.223337695372825,0.7168113364640443,0.4004739336492891,-11.223337695372823,0.4941149597882041,0.3495260663507109,-7.023337695372823,0.6405527801819741,0.3862559241706161,-10.223337695372823,0.5253666402672488,0.36018957345971564,-2.223337695372824,0.8669289534650481,0.43601895734597157
TRADED|hybrid,60,844,45,0.6907350838369645,-1.6934085564912493,63.32998153700611,0.48933649289099523,0.2287678515324861,-102.02733204002651,-34.668042650236316,36.42608215400189,102.00264734002373,47.91440139835213,48.61927839723058,-49.68880843168906,-0.6907350838369645,-12.809264916163034,0.5892644075676488,0.3921800947867299,-10.309264916163034,0.6526814439211531,0.4052132701421801,-2.3092649161630354,0.9082744946072487,0.46445497630331756,-8.309264916163034,0.7085852571073114,0.4253554502369668,-4.109264916163035,0.842884684716728,0.4514218009478673,-7.309264916163035,0.7384105859351697,0.43009478672985785,0.6907350838369645,1.0292537677712943,0.48933649289099523
TRADED|market_structure,1,479,47,0.08726673185045476,0.0,9.006150021740014,0.4822546972860125,0.2253507305871317,-14.170479656277823,-4.967506703162372,4.2167476649696,14.2049266890778,6.499802285654845,5.302016953305304,-5.2164750730415,-0.08726673185045476,-13.412733268149548,0.025464560110365533,0.06471816283924843,-10.912733268149548,0.04974234866238694,0.10438413361169102,-2.912733268149545,0.4133517629500551,0.325678496868476,-8.912733268149548,0.0829406460557665,0.1315240083507307,-4.712733268149545,0.24777624157815295,0.24008350730688935,-7.9127332681495455,0.10653823252621634,0.1419624217118998,0.08726673185045476,1.027217543238004,0.4822546972860125
TRADED|market_structure,3,479,47,-0.04163500268693968,-0.8039877793852845,16.883316888265774,0.48434237995824636,-0.04094473924349198,-25.547485588315986,-9.171664109027255,8.474221590987208,26.637198008352176,12.129077980647901,10.661970086400043,-10.639250294528356,0.04163500268693968,-13.541635002686942,0.12547580899973043,0.1544885177453027,-11.041635002686942,0.17770197940676724,0.19832985386221294,-3.04163500268694,0.6078668038328877,0.3987473903966597,-9.041635002686942,0.2380444552743733,0.24008350730688935,-4.84163500268694,0.45499884396672025,0.35490605427974947,-8.04163500268694,0.27685690784590317,0.267223382045929,-0.04163500268693968,0.9931581653853888,0.48434237995824636
TRADED|market_structure,5,479,47,0.20647637543014583,-1.6152479405606712,22.486786012228716,0.46346555323590816,0.13600463094283743,-32.74438631808385,-12.213992246888349,12.15433682052569,40.04231624749932,16.26347520359015,14.30700411206621,-14.328928831609868,-0.20647637543014583,-13.293523624569854,0.21210525199077065,0.2359081419624217,-10.793523624569854,0.2803874082034709,0.267223382045929,-2.793523624569855,0.7116341760282189,0.42379958246346555,-8.793523624569854,0.3517261635834076,0.29018789144050106,-4.593523624569854,0.5734091876873039,0.38413361169102295,-7.793523624569854,0.39416135237471234,0.3089770354906054,0.20647637543014583,1.0257179286913862,0.46346555323590816
TRADED|market_structure,10,479,47,-0.03314754788098313,0.0,31.004841600474094,0.4822546972860125,-0.011100103085515282,-50.70730138894297,-16.898020880788955,15.220728013396467,51.47634360804889,22.475410481973434,20.97990156897698,-21.42958739302821,0.03314754788098313,-13.533147547880983,0.3082951362987789,0.26931106471816285,-11.033147547880983,0.37995458582252806,0.3068893528183716,-3.0331475478809833,0.7638945886988049,0.453027139874739,-9.033147547880983,0.45083073857159983,0.35281837160751567,-4.833147547880983,0.6513976866214819,0.42171189979123175,-8.033147547880985,0.491801713357617,0.3674321503131524,-0.03314754788098313,0.9970546715754053,0.4822546972860125
TRADED|market_structure,15,479,47,0.3200522970246888,-0.8485362749244274,36.080159392259674,0.4801670146137787,0.09331337286056329,-54.6250737907108,-18.714438103033526,19.296139969608994,63.85721113436309,26.278021867977913,25.357452165386903,-26.324011321134183,-0.3200522970246888,-13.179947702975312,0.3786292568312136,0.30062630480167013,-10.679947702975312,0.45241955684135815,0.33611691022964507,-2.679947702975312,0.8162812008556357,0.4384133611691023,-8.679947702975312,0.5232188364989802,0.36325678496868474,-4.479947702975311,0.7133393036255891,0.4091858037578288,-7.679947702975312,0.5630320212749309,0.3778705636743215,0.3200522970246888,1.0246592705296045,0.4801670146137787
TRADED|market_structure,30,479,47,1.3412346552452235,-2.5218560860784667,43.801295861763485,0.4572025052192067,0.34473514582687403,-68.63894398173187,-24.418949271594048,22.824952889253236,93.13826641486934,31.80976301258179,34.487217229907614,-34.97676724321128,-1.3412346552452235,-12.158765344754775,0.48516998802183453,0.31524008350730687,-9.658765344754775,0.5595110212492082,0.33194154488517746,-1.6587653447547757,0.9019379723940056,0.42379958246346555,-7.658765344754776,0.6282771974677092,0.35073068893528186,-3.4587653447547746,0.8075747245005386,0.40292275574112735,-6.658765344754776,0.6663721230381979,0.36116910229645094,1.3412346552452235,1.088040658840831,0.4572025052192067
TRADED|market_structure,60,478,47,2.5349026912511747,-1.6594146204984561,66.9649701742616,0.48434237995824636,0.42047412072270507,-89.34180857135254,-36.175977455895065,33.55947737189835,143.15198947569337,48.31892103515018,49.91646211993275,-47.93676735083906,-2.5349026912511747,-10.965097308748824,0.6429822368691266,0.3598326359832636,-8.465097308748826,0.7094884554420519,0.37656903765690375,-0.465097308748825,0.9809921146347212,0.4581589958158996,-6.465097308748827,0.7684103721042918,0.39748953974895396,-2.265097308748825,0.911044679004854,0.4372384937238494,-5.465097308748827,0.7999344000675804,0.40376569037656906,2.5349026912511747,1.1107330803605169,0.48535564853556484
TRADED|mean_reversion,1,1233,64,-0.09662724916965684,0.0,7.690729118754923,0.45660989456609896,-0.44168044393959877,-12.494802161606255,-4.1844505816390765,4.184800803481714,12.888266043840076,5.575235052251835,4.459265657644741,-4.74125842289239,0.09662724916965684,-13.596627249169657,0.013301083308670214,0.0454176804541768,-11.096627249169657,0.028671127277033078,0.0681265206812652,-3.096627249169657,0.33916148502486615,0.29927007299270075,-9.096627249169657,0.05179621295238737,0.0989456609894566,-4.896627249169657,0.18682468588846057,0.22546634225466342,-8.096627249169657,0.06940377730820069,0.11841038118410381,-0.09662724916965684,0.9659275052761982,0.45660989456609896
TRADED|mean_reversion,3,1233,64,-0.30090716538527096,0.0,14.052781860558492,0.48094079480940793,-0.5703610126507683,-23.525578587153095,-7.634235304097015,7.6180802437786355,21.177417558132717,10.21099736072724,8.769375675337386,-9.534750955288791,0.30090716538527096,-13.800907165385272,0.07002729742429431,0.12570965125709652,-11.300907165385272,0.11149608575067473,0.17437145174371452,-3.300907165385271,0.5238252962643177,0.3933495539334955,-9.300907165385272,0.16336048883216558,0.22384428223844283,-5.100907165385271,0.3682680538687087,0.34387672343876724,-8.300907165385272,0.1978966378026324,0.24330900243309003,-0.30090716538527096,0.9427492583027575,0.48094079480940793
TRADED|mean_reversion,5,1233,64,-0.011799090113780298,0.0,18.777432700865287,0.48905109489051096,-0.015170040658911981,-31.346524627009263,-10.205817315870336,11.003893685457289,26.44062428872117,13.70474651701249,11.772730209451419,-12.891079930576554,0.011799090113780298,-13.51179909011378,0.13835896063200706,0.2035685320356853,-11.01179909011378,0.19897704965408064,0.25060827250608275,-3.0117990901137803,0.6441269591048145,0.42741281427412814,-9.01179909011378,0.26710848820503913,0.29927007299270075,-4.81179909011378,0.49490476793118837,0.39172749391727496,-8.01179909011378,0.30945050438904514,0.3171127331711273,-0.011799090113780298,0.9982795828553729,0.48905109489051096
TRADED|mean_reversion,10,1233,64,1.0478855171658807,1.6700066800279245,24.693438429256446,0.5231143552311436,0.9103124521391248,-38.59798690243332,-13.529511246406223,14.392143582797612,38.064232842307064,18.18427143940872,17.190164095158238,-18.708097201379488,-1.0478855171658807,-12.45211448283412,0.25748432776219915,0.2684509326845093,-9.95211448283412,0.33630082457704213,0.3122465531224655,-1.9521144828341195,0.8062501833563925,0.46390916463909165,-7.952114482834119,0.4177639873806167,0.34793187347931875,-3.752114482834119,0.6611997384129682,0.43309002433090027,-6.952114482834119,0.4657498335531402,0.3657745336577453,1.0478855171658807,1.1222994769049566,0.5231143552311436
TRADED|mean_reversion,15,1233,64,1.173278005893853,0.8449514152930604,29.794107790907603,0.5125709651257097,0.7697775488990877,-42.96481019873721,-17.565872020074423,17.608586282071848,50.1127725776882,22.590122019013585,21.689426795581046,-22.90805940892113,-1.173278005893853,-12.326721994106148,0.3388391569464776,0.3033252230332522,-9.826721994106148,0.4203055770544176,0.33901054339010545,-1.8267219941061472,0.8506042889602714,0.4744525547445255,-7.8267219941061485,0.500401068050754,0.3722627737226277,-3.6267219941061466,0.7251915703805614,0.45174371451743717,-6.8267219941061485,0.546282043867565,0.39253852392538524,1.173278005893853,1.109565910381111,0.5125709651257097
TRADED|mean_reversion,30,1233,64,-0.9552125450269717,-0.8210180623968721,40.27426771250494,0.4882400648824006,-0.4381763175842319,-68.93460148659302,-24.31458036388001,21.70464980382425,70.83413507964019,30.42415010418183,30.342550724848596,-32.91419157060718,0.9552125450269717,-14.455212545026974,0.3892770241915638,0.32441200324412,-11.955212545026972,0.4570013628608872,0.3519870235198702,-3.9552125450269715,0.7709030506397296,0.45985401459854014,-9.955212545026972,0.5203124548526931,0.38767234387672345,-5.75521254502697,0.6849542186147841,0.43227899432278993,-8.955212545026972,0.555442238923202,0.39497161394971614,-0.9552125450269717,0.9391184227859989,0.4882400648824006
TRADED|mean_reversion,60,1233,64,1.0655339480570347,1.6854879487615548,58.833084200650845,0.5068937550689375,0.3695169842416026,-92.81392837595948,-34.40751930177899,36.872538339058906,104.21522691278882,45.25228351910271,44.138336952135134,-46.03279032090566,-1.0655339480570347,-12.434466051942966,0.5760768385574659,0.41362530413625304,-9.934466051942966,0.6437360092825559,0.43146796431467965,-1.9344660519429655,0.9179903127195808,0.4931062449310625,-7.934466051942965,0.7035692192971881,0.4468775344687753,-3.7344660519429644,0.84764952159476,0.48175182481751827,-6.934466051942966,0.7355036057327998,0.45742092457420924,1.0655339480570347,1.0482286639502105,0.5068937550689375
TRADED|momentum,1,399,63,0.04295490466664521,0.0,10.38808211897497,0.49122807017543857,0.09797140742123496,-15.813252127170552,-5.362917588981886,5.031658582270171,16.288797356517218,7.4578537621132375,6.53651877725678,-5.851285233143871,-0.04295490466664521,-13.457045095333356,0.04891558263462717,0.07769423558897243,-10.957045095333356,0.07676468138962494,0.09523809523809523,-2.9570450953333545,0.4548577125084093,0.3508771929824561,-8.957045095333354,0.1127391157318575,0.13784461152882205,-4.757045095333354,0.2884120372979079,0.2631578947368421,-7.9570450953333545,0.1385047895796087,0.15037593984962405,0.04295490466664521,1.0115861067001628,0.49122807017543857
TRADED|momentum,3,399,63,-0.42338078015760283,-0.8373105584869034,17.268629371694878,0.45614035087719296,-0.4736858201974504,-30.028883372462232,-9.197374824818638,8.533300478779093,25.72399899439802,12.519769227624687,12.505705969479386,-11.053058095227627,0.42338078015760283,-13.923380780157604,0.12430058062422066,0.16541353383458646,-11.423380780157604,0.17500328301037318,0.19799498746867167,-3.423380780157602,0.5810294027325822,0.40350877192982454,-9.423380780157602,0.23336474224588766,0.24561403508771928,-5.223380780157601,0.43904225796534113,0.3458646616541353,-8.423380780157602,0.27059013148778566,0.2681704260651629,-0.42338078015760283,0.934578401717814,0.45614035087719296
TRADED|momentum,5,399,63,-1.4518726620210574,-3.287851389117691,20.580471369021264,0.41604010025062654,-1.1771975675308652,-31.24116026213186,-13.51941809957069,10.95567547959364,35.60769921642648,15.777906522410351,16.284144592450307,-14.697346747114185,1.4518726620210574,-14.951872662021056,0.1635715840441981,0.21052631578947367,-12.451872662021056,0.2196404253654475,0.24812030075187969,-4.451872662021057,0.5729059967204797,0.37343358395989973,-10.451872662021056,0.27924450708523096,0.2807017543859649,-6.251872662021058,0.46062899657137624,0.3358395989974937,-9.451872662021056,0.31439685913146403,0.2932330827067669,-1.4518726620210574,0.8314693825753788,0.41604010025062654
TRADED|momentum,10,399,63,-0.9649450991642183,-2.5432349949139343,31.054623768339173,0.43609022556390975,-0.44391950259231716,-47.22894957853696,-19.54793798827015,14.931731441009122,53.17952423078944,22.893558301650305,22.946755375434236,-21.90545746628359,0.9649450991642183,-14.464945099164218,0.3012275909813286,0.2706766917293233,-11.964945099164218,0.36735883712044815,0.2982456140350877,-3.9649450991642174,0.7098104208107165,0.40100250626566414,-9.964945099164218,0.4314863311755755,0.3157894736842105,-5.764945099164217,0.6095246196330277,0.37844611528822053,-8.964945099164218,0.4678721568856353,0.3233082706766917,-0.9649450991642183,0.9191110118724987,0.43609022556390975
TRADED|momentum,15,399,63,-1.3547212256849084,-4.254957024935058,36.79529506631484,0.43358395989974935,-0.563328492886824,-51.181783814168156,-25.861613016869292,17.27410889957759,70.50782128805196,27.859084973954072,27.624020232012366,-27.446735484597323,1.3547212256849084,-14.854721225684909,0.3608611657421101,0.2857142857142857,-12.354721225684905,0.42546782725153603,0.3208020050125313,-4.354721225684908,0.7336145735793285,0.39598997493734334,-10.354721225684909,0.486272386160976,0.3333333333333333,-6.154721225684907,0.6472928437000094,0.37844611528822053,-9.354721225684909,0.5200832724221006,0.3408521303258145,-1.3547212256849084,0.9072547263148717,0.43358395989974935
TRADED|momentum,30,399,63,-0.8645276049317705,-4.093663009661075,49.218055720975066,0.44611528822055135,-0.2171496982291022,-71.41849672399925,-34.87888649887638,22.561131696486882,87.61281872483218,37.676765813534836,37.72503844455202,-36.53778433859028,0.8645276049317705,-14.364527604931773,0.48070436864968946,0.3132832080200501,-11.864527604931773,0.5432253927584104,0.3358395989974937,-3.8645276049317707,0.8156523279842653,0.42606516290726815,-9.864527604931773,0.5999200405832152,0.3508771929824561,-5.664527604931771,0.7427947265501729,0.39598997493734334,-8.864527604931773,0.630818583017983,0.3609022556390977,-0.8645276049317705,0.9551375925273156,0.44611528822055135
TRADED|momentum,60,399,63,-0.6146249794636148,-5.733944954128267,67.11972625215948,0.44360902255639095,-0.12351596911181632,-101.33095016895521,-38.48252616126091,32.62715140000316,130.97594478720782,50.33175945538636,51.15697975250828,-51.71711214674621,0.6146249794636148,-14.114624979463615,0.5782119993003607,0.37593984962406013,-11.614624979463615,0.6360438443768746,0.38345864661654133,-3.6146249794636147,0.8669187479454601,0.42606516290726815,-9.614624979463615,0.6867566754251148,0.39849624060150374,-5.414624979463614,0.8080026679394693,0.41604010025062654,-8.614624979463615,0.7137361093692123,0.40100250626566414,-0.6146249794636148,0.975871693888323,0.44360902255639095
TRADED|order_flow,1,271,52,0.3952182972474986,0.0,12.145822125526607,0.4833948339483395,0.44347878659898554,-18.657238456182835,-5.863642079122489,5.93932901477523,21.97134101146692,8.752121224313447,7.8165783102007955,-6.560728882873542,-0.3952182972474986,-13.1047817027525,0.07632259708591149,0.11070110701107011,-10.6047817027525,0.11675902755837289,0.14760147601476015,-2.604781702752501,0.5595993609925175,0.36162361623616235,-8.6047817027525,0.16780801808442206,0.18450184501845018,-4.4047817027525005,0.381241245072179,0.3173431734317343,-7.6047817027525,0.20254699013837277,0.2029520295202952,0.3952182972474986,1.0945848720983666,0.4833948339483395
TRADED|order_flow,3,271,52,0.8056678025234186,0.0,19.95498356784546,0.47232472324723246,0.600670604353469,-29.495843075874607,-11.219082737193853,10.47609648207104,40.982679277964394,14.674723566815755,15.057601267982932,-12.24960753853361,-0.8056678025234186,-12.694332197476582,0.2088727855759242,0.21033210332103322,-10.194332197476582,0.27732656593974164,0.23985239852398524,-2.194332197476581,0.7453543903874799,0.3948339483394834,-8.194332197476582,0.35103231119644823,0.28413284132841327,-3.994332197476581,0.5904935944048433,0.35793357933579334,-7.194332197476582,0.3963960349517242,0.2988929889298893,0.8056678025234186,1.1161820698129592,0.47232472324723246
TRADED|order_flow,5,271,52,1.0025096847107924,-0.8504124500374743,27.430623069719065,0.4575645756457565,0.4815590090831996,-40.55690250674759,-16.271502711674433,17.028164501449172,53.19311881750832,21.06861529461215,19.93716652776912,-16.531773862630963,-1.0025096847107924,-12.497490315289207,0.3244562389128966,0.2767527675276753,-9.997490315289207,0.40248703592547963,0.3247232472324723,-1.9974903152892076,0.8293122488038185,0.4280442804428044,-7.997490315289207,0.48124346619289654,0.34686346863468637,-3.797490315289207,0.7026298216008258,0.3948339483394834,-6.997490315289207,0.526186255471498,0.35424354243542433,1.0025096847107924,1.0999207025219802,0.4575645756457565
TRADED|order_flow,10,271,52,3.4454978892071337,-2.5250399797993595,34.16288076768554,0.46494464944649444,1.0977735717310746,-44.65446989622812,-17.847392847392673,21.34506824590099,71.89833787148103,25.69049010726158,27.695214588257052,-22.929964855724975,-3.4454978892071337,-10.054502110792866,0.4784217427844915,0.3210332103321033,-7.554502110792867,0.5707562904654727,0.33579335793357934,0.44549788920713396,1.0349558857707108,0.44280442804428044,-5.554502110792868,0.659370078303665,0.36900369003690037,-1.354502110792865,0.9016392892772519,0.42066420664206644,-4.554502110792868,0.7095611606539233,0.3800738007380074,3.4454978892071337,1.3097773966772355,0.46494464944649444
TRADED|order_flow,15,271,52,3.1283581565415375,-1.6989466530747954,36.962732478761936,0.45387453874538747,0.8521727261492067,-48.43655111906986,-18.819955481586547,22.20919605353533,71.9306919160201,27.800194685640935,32.478722555704586,-27.063575141670714,-3.1283581565415375,-10.37164184345846,0.49456459368338396,0.3210332103321033,-7.871641843458462,0.5823317886642916,0.33948339483394835,0.12835815654153684,1.0091766477226958,0.43911439114391143,-5.8716418434584625,0.6657135311291659,0.3800738007380074,-1.6716418434584626,0.8887244048258238,0.4095940959409594,-4.871641843458463,0.7125405905158091,0.3874538745387454,3.1283581565415375,1.253597510088215,0.45387453874538747
TRADED|order_flow,30,271,52,10.024573338716946,2.5402201524138412,50.6568595440487,0.5276752767527675,2.0894944224810192,-61.93225615558351,-18.468813158311058,39.30562768437895,96.08398642939443,37.820015422653526,44.972457516799885,-34.67706104310035,-10.024573338716946,-3.4754266612830524,0.8359080019900167,0.3948339483394834,-0.9754266612830527,0.950461628838806,0.42066420664206644,7.024573338716947,1.4575076381700989,0.4981549815498155,1.0245733387169478,1.0552450135711142,0.4317343173431734,5.224573338716947,1.321127359974609,0.4797047970479705,2.024573338716948,1.1125717432908178,0.45018450184501846,10.024573338716946,1.7213105881492925,0.5276752767527675
TRADED|order_flow,60,270,52,12.741023870305646,2.9496211119334204,71.35298974621924,0.5129151291512916,2.581849837969557,-110.34192907668121,-29.308652988402905,59.56128545874351,143.077457248099,56.41170484947569,63.712777299231206,-48.316147604590114,-12.741023870305646,-0.7589761296943531,0.973638413486677,0.45555555555555555,1.7410238703056469,1.0634309046852926,0.4703703703703704,9.741023870305646,1.4178278384907002,0.5,3.741023870305647,1.1417300268931618,0.4777777777777778,7.941023870305647,1.3278187846342735,0.4888888888888889,4.741023870305647,1.1832407243990886,0.4777777777777778,12.741023870305646,1.583504703138604,0.5148148148148148
TRADED|scalping,1,1260,60,0.2628245677595995,0.0,8.331912375038234,0.4865079365079365,1.2405332111446337,-13.330169747553077,-4.075561147921791,4.225560420608732,13.280743183172568,5.850202088541258,5.16449008330227,-4.539498785717283,-0.2628245677595995,-13.237175432240399,0.027193910668469726,0.046825396825396826,-10.7371754322404,0.04557612680113714,0.06587301587301587,-2.7371754322404005,0.3982703116506906,0.3253968253968254,-8.7371754322404,0.07190960539161521,0.10158730158730159,-4.5371754322404,0.22475269679580231,0.2388888888888889,-7.7371754322404005,0.0923988416711369,0.12142857142857143,0.2628245677595995,1.094077970132518,0.4865079365079365
TRADED|scalping,3,1260,60,0.07098094822666745,0.0,13.914162506578501,0.48253968253968255,0.18078693642854782,-21.11104117509399,-8.390518084998021,7.7753002404143405,22.433439143258397,10.282558208497164,9.86809022330613,-9.067763734250907,-0.07098094822666745,-13.429019051773336,0.08715820846340805,0.12222222222222222,-10.929019051773333,0.12993573125817695,0.16031746031746033,-2.9290190517733325,0.5685876012672102,0.39365079365079364,-8.929019051773333,0.18407342802790214,0.21904761904761905,-4.729019051773332,0.4036383264956198,0.34444444444444444,-7.9290190517733325,0.22074597660259523,0.25,0.07098094822666745,1.0139020537998236,0.48253968253968255
TRADED|scalping,5,1260,60,-0.4322125833338933,-0.8330557406172057,19.0990285032404,0.4714285714285714,-0.9023940896854523,-29.350479205486554,-10.980659266421611,10.52566345406486,31.627371617669702,14.06970066713569,13.089972362203584,-12.421643365159424,0.4322125833338933,-13.932212583333891,0.14782604122535847,0.19047619047619047,-11.432212583333893,0.20516997749921906,0.2388888888888889,-3.4322125833338935,0.6152275594769752,0.4126984126984127,-9.432212583333891,0.26889219715755197,0.2753968253968254,-5.232212583333894,0.47778164978264315,0.3682539682539683,-8.432212583333893,0.30790674820759695,0.29285714285714287,-0.4322125833338933,0.9403923363946617,0.4714285714285714
TRADED|scalping,10,1260,60,-1.661039078452462,-2.464878785149449,26.427884554248582,0.44603174603174606,-2.4252818388393,-41.15832021614185,-16.518605068097102,13.465467216970117,40.474742827037964,19.373844846099292,18.96412729939337,-18.724762536080227,1.661039078452462,-15.161039078452461,0.21610721604887298,0.24761904761904763,-12.661039078452461,0.27653287646375596,0.2777777777777778,-4.661039078452463,0.6190759964917107,0.403968253968254,-10.661039078452465,0.3373826776238923,0.3142857142857143,-6.461039078452462,0.5153987363993713,0.38095238095238093,-9.661039078452463,0.3729882466572431,0.3253968253968254,-1.661039078452462,0.8420681488511841,0.44603174603174606
TRADED|scalping,15,1260,60,-1.7958431394979943,-2.4192573234110837,31.127858632077047,0.45396825396825397,-1.9081486405234311,-51.0500524917703,-19.327325286529195,16.769730835185236,49.06029926535471,23.196394217789212,23.046134213938785,-23.67805723715501,1.7958431394979943,-15.295843139497995,0.27444838960254286,0.2857142857142857,-12.795843139497993,0.3378805347040178,0.3126984126984127,-4.795843139497994,0.6618652539354962,0.4166666666666667,-10.795843139497993,0.399191138747412,0.33174603174603173,-6.595843139497992,0.5679848705587248,0.38492063492063494,-9.795843139497993,0.43395134411711284,0.34285714285714286,-1.7958431394979943,0.8562879254206214,0.45396825396825397
TRADED|scalping,30,1260,60,-0.9319564268861317,-1.6627934509716447,43.944190793737896,0.46746031746031746,-0.6340543071371947,-73.25021217680477,-24.941460788925063,22.040393020572868,74.7795126824513,32.205797443874964,33.31122181013556,-33.493685434137795,0.9319564268861317,-14.431956426886133,0.41464381454919025,0.32857142857142857,-11.931956426886131,0.48117289441350297,0.3468253968253968,-3.931956426886132,0.7838816992459119,0.44761904761904764,-9.931956426886133,0.5427875624944889,0.38015873015873014,-5.731956426886131,0.7016442634555955,0.42857142857142855,-8.931956426886133,0.5768284338761708,0.3904761904761905,-0.9319564268861317,0.9437525892357819,0.46746031746031746
TRADED|scalping,60,1260,60,-1.1678088529924426,-0.843490484647158,63.549365290714015,0.49126984126984125,-0.7300709238695804,-101.69390742733265,-34.76789872093766,33.50624185472301,105.49036392090454,46.96553620430181,47.74824900193198,-48.13428220665935,1.1678088529924426,-14.667808852992444,0.5372819878395501,0.3817460317460317,-12.167808852992442,0.5967623142295986,0.3984126984126984,-4.167808852992443,0.8373699644811917,0.4650793650793651,-10.167808852992444,0.649266026984128,0.4150793650793651,-5.967808852992442,0.7756943936850228,0.4492063492063492,-9.167808852992444,0.6772837441698363,0.4222222222222222,-1.1678088529924426,0.95147609825985,0.49126984126984125
TRADED|vwap,1,1802,63,-0.045852710702654204,0.0,8.033477029015334,0.4716981132075472,-0.24252670977619611,-12.950812250340226,-4.2019455063319056,4.246916142648938,12.682924676535963,5.885984450139306,4.7314512184289965,-4.892434691801224,0.045852710702654204,-13.545852710702652,0.01458951832205959,0.04384017758046615,-11.045852710702652,0.0298754121845442,0.06881243063263041,-3.045852710702654,0.3583475659866959,0.330188679245283,-9.045852710702654,0.053635198985978474,0.10543840177580466,-4.845852710702654,0.1975287227689359,0.24472807991120976,-8.045852710702654,0.07212236027735769,0.12541620421753608,-0.045852710702654204,0.9845401316794928,0.4716981132075472
TRADED|vwap,3,1802,63,0.09687291175514992,0.0,14.353554960264194,0.4900110987791343,0.25322913113476747,-22.318741812883456,-7.642338596922649,8.422294091708082,22.56380396445317,10.511165953779342,9.346722579975495,-9.691912929795386,-0.09687291175514992,-13.40312708824485,0.08585311409984822,0.13762486126526083,-10.90312708824485,0.1315964537024994,0.1792452830188679,-2.9031270882448506,0.5767992804007341,0.40011098779134296,-8.90312708824485,0.18787933967554882,0.23529411764705882,-4.70312708824485,0.4110492147918162,0.35571587125416204,-7.90312708824485,0.2258902485973804,0.2619311875693674,0.09687291175514992,1.0186038382757705,0.4900110987791343
TRADED|vwap,5,1802,63,0.16507347596708394,0.8192021026559582,18.92140749340143,0.5005549389567148,0.28079261028804453,-31.053359323044425,-10.234105657748739,11.65185947398395,28.49707695077668,14.145911959593274,12.562970389921768,-13.305506840078682,-0.16507347596708394,-13.334926524032918,0.14992379006169942,0.20921198668146504,-10.834926524032918,0.2133725636231522,0.2586015538290788,-2.834926524032916,0.6685968346685797,0.4483906770255272,-8.834926524032916,0.28392575574802226,0.30632630410654826,-4.634926524032916,0.5170478047341588,0.39844617092119866,-7.834926524032916,0.3275694091163971,0.32408435072142067,0.16507347596708394,1.0236142454775385,0.5005549389567148
TRADED|vwap,10,1802,63,0.1337669160332377,0.0,26.030184127247715,0.49889012208657046,0.1314059562466457,-41.76927553607867,-14.349624684149575,15.235838588467665,41.19516978270709,19.41293410643787,18.080364116572966,-19.425721828041677,-0.1337669160332377,-13.366233083966762,0.25387388876920275,0.279134295227525,-10.866233083966762,0.3274690204939368,0.3146503884572697,-2.8662330839667622,0.7441517822248632,0.4522752497225305,-8.866233083966762,0.4017485106515846,0.3507214206437292,-4.6662330839667625,0.6181994983737812,0.4200887902330744,-7.866233083966764,0.4451182336628389,0.36403995560488345,0.1337669160332377,1.0138768355201375,0.49889012208657046
TRADED|vwap,15,1802,63,-0.7606688899866507,0.0,31.565595070162026,0.4916759156492786,-0.5053101872512098,-53.5405762204063,-19.374574562677495,18.55600896058851,49.51319897035737,23.892186028325728,22.360133634502297,-24.24221584863729,0.7606688899866507,-14.260668889986652,0.30179571739166394,0.30632630410654826,-11.760668889986652,0.3720067684510263,0.33684794672586016,-3.760668889986651,0.729556876252861,0.45338512763596006,-9.760668889986652,0.43998196128160744,0.3668146503884573,-5.560668889986649,0.6270567817784053,0.43340732519422864,-8.76066888998665,0.4785978288122267,0.38179800221975585,-0.7606688899866507,0.9382895901909016,0.4916759156492786
TRADED|vwap,30,1802,63,-0.5751659595988863,0.0,41.4050480408743,0.4938956714761376,-0.2338549422344917,-71.06552849463465,-25.019776995902077,25.094228061806056,67.5986862873663,31.579635861400643,31.408829350976934,-33.95148712852572,0.5751659595988863,-14.075165959598886,0.40901515668199284,0.36182019977802443,-11.575165959598886,0.4796200370746195,0.37846836847946724,-3.5751659595988867,0.7972813654770674,0.46614872364039955,-9.575165959598886,0.5446176213742726,0.4051054384017758,-5.375165959598885,0.7112433707927702,0.44950055493895674,-8.575165959598886,0.5803733665481657,0.413984461709212,-0.5751659595988863,0.9642251902032709,0.4938956714761376
TRADED|vwap,60,1802,63,3.743694876729718,5.093380406314685,60.98709724071218,0.5349611542730299,0.9214207548926661,-94.06082335958055,-30.412365010190623,39.322500245652094,107.18424523272112,46.38209415021944,47.444978962768374,-46.536708643922424,-3.743694876729718,-9.75630512327028,0.6539016438246668,0.4445061043285239,-7.256305123270281,0.7294283472501623,0.4594894561598224,0.7436948767297177,1.0327084612651867,0.5166481687014428,-5.256305123270282,0.7959466555977941,0.47891231964483905,-1.0563051232702814,0.9552758360760696,0.5049944506104328,-4.256305123270282,0.8313686916443324,0.48446170921198667,3.743694876729718,1.1756020366860886,0.5349611542730299
