universe,dim,horizon,param,retained,pct_retained,win_rate,pf,exp_S1,sum_bps,dd_bps,frictionless
TRADED_ALL,min_expected_move,10,0.0,3105,1.0,0.2534621578099839,0.2517411678234965,-13.758495268818987,-42720.127809682956,42724.962670921355,-0.2584952688189873
TRADED_ALL,min_expected_move,10,5.0,3105,1.0,0.2534621578099839,0.2517411678234965,-13.758495268818987,-42720.127809682956,42724.962670921355,-0.2584952688189873
TRADED_ALL,min_expected_move,10,10.0,3105,1.0,0.2534621578099839,0.2517411678234965,-13.758495268818987,-42720.127809682956,42724.962670921355,-0.2584952688189873
TRADED_ALL,min_expected_move,10,15.0,2993,0.9639291465378422,0.2569328433010358,0.2575204089327629,-13.780554161352672,-41245.19860492855,41250.03346616692,-0.28055416135267386
TRADED_ALL,min_expected_move,10,20.0,2411,0.7764895330112721,0.2637909581086686,0.27651708480425846,-13.880878014470772,-33466.79689288903,33471.63175412751,-0.38087801447077163
TRADED_ALL,min_expected_move,10,30.0,930,0.2995169082125604,0.2752688172043011,0.3311663677461992,-14.467753397377935,-13455.01065956148,13459.845520799916,-0.9677533973779355
TRADED_ALL,min_expected_move,10,50.0,218,0.07020933977455716,0.2981651376146789,0.44150005681454285,-13.129125379166437,-2862.149332658283,3073.1714587627953,0.37087462083356154
TRADED_ALL,top_confidence(descriptive),10,1.0,3105,1.0,0.2534621578099839,0.2517411678234965,-13.758495268818987,-42720.127809682956,42724.962670921355,-0.2584952688189873
TRADED_ALL,top_confidence(descriptive),10,0.75,2332,0.7510466988727859,0.2525728987993139,0.25443620695767544,-13.811096445822296,-32207.47691165759,32212.311772896068,-0.31109644582229307
TRADED_ALL,top_confidence(descriptive),10,0.5,1553,0.5001610305958132,0.26142949130714743,0.2545922879009604,-13.962288409870814,-21683.433900529373,21684.61507851489,-0.46228840987081443
TRADED_ALL,top_confidence(descriptive),10,0.25,861,0.2772946859903382,0.2590011614401858,0.25814160128533814,-14.35973565859046,-12363.732402046386,12364.295067811447,-0.8597356585904572
TRADED_ALL,top_confidence(descriptive),10,0.1,311,0.1001610305958132,0.2282958199356913,0.1925191034430969,-17.278418167167914,-5373.588049989221,5373.588049989219,-3.7784181671679145
TRADED_ALL,cooldown_min,10,0.0,3105,1.0,0.2534621578099839,0.2517411678234965,-13.758495268818987,-42720.127809682956,42724.962670921355,-0.2584952688189873
TRADED_ALL,cooldown_min,10,5.0,1710,0.5507246376811594,0.2543859649122807,0.2725926695136362,-13.52075968684654,-23120.499064507585,23190.951153997055,-0.020759686846540795
TRADED_ALL,cooldown_min,10,15.0,1082,0.3484702093397746,0.25508317929759705,0.29128323307826076,-12.991234121105222,-14056.51531903585,14064.814597982768,0.508765878894778
TRADED_ALL,cooldown_min,10,30.0,786,0.2531400966183575,0.2595419847328244,0.2913027225214999,-12.962538049964634,-10188.554907272202,10259.006996761711,0.5374619500353662
TRADED_ALL,cooldown_min,10,60.0,535,0.1723027375201288,0.25794392523364484,0.28509989679836023,-12.955451625119563,-6931.166619438966,6939.465898385891,0.5445483748804372
TRADED_ALL,min_expected_move,30,0.0,3105,1.0,0.34911433172302736,0.48473658477487996,-12.03780822412241,-37377.39453590008,37377.39453590004,1.462191775877591
TRADED_ALL,min_expected_move,30,5.0,3105,1.0,0.34911433172302736,0.48473658477487996,-12.03780822412241,-37377.39453590008,37377.39453590004,1.462191775877591
TRADED_ALL,min_expected_move,30,10.0,3105,1.0,0.34911433172302736,0.48473658477487996,-12.03780822412241,-37377.39453590008,37377.39453590004,1.462191775877591
TRADED_ALL,min_expected_move,30,15.0,3105,1.0,0.34911433172302736,0.48473658477487996,-12.03780822412241,-37377.39453590008,37377.39453590004,1.462191775877591
TRADED_ALL,min_expected_move,30,20.0,3104,0.9996779388083736,0.3492268041237113,0.48478728428627144,-12.039242331332462,-37369.80819645596,37369.808196455924,1.4607576686675376
TRADED_ALL,min_expected_move,30,30.0,2753,0.886634460547504,0.3617871413003996,0.5064131634047518,-11.900157468261835,-32761.133510124833,32761.133510124848,1.5998425317381642
TRADED_ALL,min_expected_move,30,50.0,1075,0.3462157809983897,0.386046511627907,0.5188402255840076,-14.027240437158182,-15079.283469945047,15095.165969263113,-0.5272404371581833
TRADED_ALL,top_confidence(descriptive),30,1.0,3105,1.0,0.34911433172302736,0.48473658477487996,-12.03780822412241,-37377.39453590008,37377.39453590004,1.462191775877591
TRADED_ALL,top_confidence(descriptive),30,0.75,2332,0.7510466988727859,0.346483704974271,0.49387043837807393,-11.722188744359455,-27336.14415184625,27336.14415184624,1.777811255640545
TRADED_ALL,top_confidence(descriptive),30,0.5,1553,0.5001610305958132,0.3419188667095943,0.46724298844487916,-12.68854915040501,-19705.31683057898,19707.548877871926,0.8114508495949903
TRADED_ALL,top_confidence(descriptive),30,0.25,861,0.2772946859903382,0.3170731707317073,0.4742413015420335,-12.396229547386039,-10673.153640299379,10675.385687592343,1.103770452613962
TRADED_ALL,top_confidence(descriptive),30,0.1,311,0.1001610305958132,0.2861736334405145,0.4275615292354354,-13.461815070365434,-4186.62448688365,4186.624486883652,0.03818492963456452
TRADED_ALL,cooldown_min,30,0.0,3105,1.0,0.34911433172302736,0.48473658477487996,-12.03780822412241,-37377.39453590008,37377.39453590004,1.462191775877591
TRADED_ALL,cooldown_min,30,5.0,1710,0.5507246376811594,0.34093567251461987,0.48500182635495204,-12.407144612782087,-21216.21728785737,21447.0362930579,1.0928553872179143
TRADED_ALL,cooldown_min,30,15.0,1082,0.3484702093397746,0.33086876155268025,0.5010075086264699,-11.94506592509917,-12924.561330957302,12955.056768467479,1.5549340749008296
TRADED_ALL,cooldown_min,30,30.0,786,0.2531400966183575,0.3371501272264631,0.5141526712564465,-11.48457732270825,-9026.877775648683,9102.859594570022,2.0154226772917507
TRADED_ALL,cooldown_min,30,60.0,535,0.1723027375201288,0.33271028037383177,0.5036898683715902,-11.434062706991767,-6117.223548240596,6147.718985750786,2.0659372930082314
TRADED_ALL,min_expected_move,60,0.0,3105,1.0,0.42023847889139543,0.6850540764316806,-9.071440542094615,-28148.680002119592,28335.263039715875,4.428559457905383
TRADED_ALL,min_expected_move,60,5.0,3105,1.0,0.42023847889139543,0.6850540764316806,-9.071440542094615,-28148.680002119592,28335.263039715875,4.428559457905383
TRADED_ALL,min_expected_move,60,10.0,3105,1.0,0.42023847889139543,0.6850540764316806,-9.071440542094615,-28148.680002119592,28335.263039715875,4.428559457905383
TRADED_ALL,min_expected_move,60,15.0,3105,1.0,0.42023847889139543,0.6850540764316806,-9.071440542094615,-28148.680002119592,28335.263039715875,4.428559457905383
TRADED_ALL,min_expected_move,60,20.0,3105,1.0,0.42023847889139543,0.6850540764316806,-9.071440542094615,-28148.680002119592,28335.263039715875,4.428559457905383
TRADED_ALL,min_expected_move,60,30.0,3096,0.9971014492753624,0.4204912734324499,0.6859120953425747,-9.053917546822847,-28012.82088986989,28199.403927466166,4.4460824531771515
TRADED_ALL,min_expected_move,60,50.0,2365,0.7616747181964574,0.4295387219636056,0.7214790709829236,-8.5406004420839,-20181.438844644254,20462.462694520986,4.959399557916101
TRADED_ALL,top_confidence(descriptive),60,1.0,3105,1.0,0.42023847889139543,0.6850540764316806,-9.071440542094615,-28148.680002119592,28335.263039715875,4.428559457905383
TRADED_ALL,top_confidence(descriptive),60,0.75,2332,0.7510466988727859,0.4302874302874303,0.7187452291817795,-8.041334922978526,-18744.351705462945,20060.813377979226,5.4586650770214735
TRADED_ALL,top_confidence(descriptive),60,0.5,1553,0.5001610305958132,0.4230521571152608,0.6992989336618745,-9.04299196647299,-14043.766523932552,14683.92267556651,4.457008033527011
TRADED_ALL,top_confidence(descriptive),60,0.25,861,0.2772946859903382,0.42044134727061555,0.7756797735064644,-6.461220993018724,-5563.111274989122,7697.9945575362135,7.038779006981276
TRADED_ALL,top_confidence(descriptive),60,0.1,311,0.1001610305958132,0.4180064308681672,0.8258079484345889,-4.869628169316159,-1514.4543606573254,2521.3931667965035,8.630371830683842
TRADED_ALL,cooldown_min,60,0.0,3105,1.0,0.42023847889139543,0.6850540764316806,-9.071440542094615,-28148.680002119592,28335.263039715875,4.428559457905383
TRADED_ALL,cooldown_min,60,5.0,1710,0.5507246376811594,0.40749414519906324,0.6580345685210234,-10.264008780220504,-17530.92699661662,19533.560830965784,3.2359912197794958
TRADED_ALL,cooldown_min,60,15.0,1082,0.3484702093397746,0.40555555555555556,0.6578692829449122,-10.477220147998782,-11315.397759838685,12103.458208359289,3.022779852001216
TRADED_ALL,cooldown_min,60,30.0,786,0.2531400966183575,0.39540816326530615,0.6960180717571391,-9.087856930894969,-7124.879833821655,7675.463899403898,4.412143069105032
TRADED_ALL,cooldown_min,60,60.0,535,0.1723027375201288,0.40636704119850187,0.693769389436402,-9.092994981272067,-4855.659319999284,5088.634809713096,4.407005018727933
TRADED_order_flow,min_expected_move,10,0.0,165,1.0,0.2787878787878788,0.4988198335911919,-10.11224214853354,-1668.519954508034,1668.5199545080345,3.3877578514664597
TRADED_order_flow,min_expected_move,10,5.0,165,1.0,0.2787878787878788,0.4988198335911919,-10.11224214853354,-1668.519954508034,1668.5199545080345,3.3877578514664597
TRADED_order_flow,min_expected_move,10,10.0,165,1.0,0.2787878787878788,0.4988198335911919,-10.11224214853354,-1668.519954508034,1668.5199545080345,3.3877578514664597
TRADED_order_flow,min_expected_move,10,15.0,162,0.9818181818181818,0.2839506172839506,0.5056022144536664,-10.023831947301899,-1623.8607754629074,1623.8607754629074,3.4761680526981023
TRADED_order_flow,min_expected_move,10,20.0,155,0.9393939393939394,0.2838709677419355,0.5064716492633523,-10.127004765558965,-1569.6857386616396,1569.6857386616402,3.3729952344410323
TRADED_order_flow,min_expected_move,10,30.0,106,0.6424242424242425,0.3018867924528302,0.45955808337088044,-11.594468211335343,-1229.0136304015464,1241.542177840674,1.9055317886646566
TRADED_order_flow,min_expected_move,10,50.0,37,0.22424242424242424,0.3783783783783784,0.8361960960253741,-2.990666041853591,-110.65464354858285,313.44848281901324,10.50933395814641
TRADED_order_flow,top_confidence(descriptive),10,1.0,165,1.0,0.2787878787878788,0.4988198335911919,-10.11224214853354,-1668.519954508034,1668.5199545080345,3.3877578514664597
TRADED_order_flow,top_confidence(descriptive),10,0.75,124,0.7515151515151515,0.3064516129032258,0.5050960663743929,-10.210628589259313,-1266.1179450681548,1266.117945068155,3.289371410740687
TRADED_order_flow,top_confidence(descriptive),10,0.5,83,0.503030303030303,0.3132530120481928,0.4807082870586348,-11.242721394832596,-933.1458757711055,965.2359346896199,2.2572786051674045
TRADED_order_flow,top_confidence(descriptive),10,0.25,42,0.2545454545454545,0.35714285714285715,0.5084046822184001,-11.417816532050546,-479.54829434612293,479.548294346123,2.0821834679494526
TRADED_order_flow,top_confidence(descriptive),10,0.1,17,0.10303030303030303,0.5882352941176471,1.617695950763572,8.378693586243351,142.43779096613696,169.78512422267488,21.87869358624335
TRADED_order_flow,cooldown_min,10,0.0,165,1.0,0.2787878787878788,0.4988198335911919,-10.11224214853354,-1668.519954508034,1668.5199545080345,3.3877578514664597
TRADED_order_flow,cooldown_min,10,5.0,116,0.703030303030303,0.2413793103448276,0.42794945145761626,-11.62962539697897,-1349.0365460495605,1493.5710543348453,1.8703746030210298
TRADED_order_flow,cooldown_min,10,15.0,81,0.4909090909090909,0.2716049382716049,0.49653971406183356,-9.248711073637727,-749.145596964656,809.3563829093387,4.251288926362273
TRADED_order_flow,cooldown_min,10,30.0,69,0.41818181818181815,0.2463768115942029,0.4018128811343692,-11.954261401984843,-824.8440367369542,869.8438040807688,1.5457385980151577
TRADED_order_flow,cooldown_min,10,60.0,49,0.296969696969697,0.24489795918367346,0.3628779385655041,-10.993074772871676,-538.6606638707121,563.966701562129,2.506925227128324
TRADED_order_flow,min_expected_move,30,0.0,165,1.0,0.41818181818181815,0.988675871834601,-0.23486002725706015,-38.75190449741493,711.1134201453644,13.265139972742938
TRADED_order_flow,min_expected_move,30,5.0,165,1.0,0.41818181818181815,0.988675871834601,-0.23486002725706015,-38.75190449741493,711.1134201453644,13.265139972742938
TRADED_order_flow,min_expected_move,30,10.0,165,1.0,0.41818181818181815,0.988675871834601,-0.23486002725706015,-38.75190449741493,711.1134201453644,13.265139972742938
TRADED_order_flow,min_expected_move,30,15.0,165,1.0,0.41818181818181815,0.988675871834601,-0.23486002725706015,-38.75190449741493,711.1134201453644,13.265139972742938
TRADED_order_flow,min_expected_move,30,20.0,165,1.0,0.41818181818181815,0.988675871834601,-0.23486002725706015,-38.75190449741493,711.1134201453644,13.265139972742938
TRADED_order_flow,min_expected_move,30,30.0,158,0.9575757575757575,0.4240506329113924,1.0060002238006474,0.12526086668506836,19.7912169362408,652.5702987117091,13.625260866685068
TRADED_order_flow,min_expected_move,30,50.0,110,0.6666666666666666,0.4636363636363636,1.0379309397872793,0.8362786035930495,91.99064639523544,658.123977614236,14.336278603593048
TRADED_order_flow,top_confidence(descriptive),30,1.0,165,1.0,0.41818181818181815,0.988675871834601,-0.23486002725706015,-38.75190449741493,711.1134201453644,13.265139972742938
TRADED_order_flow,top_confidence(descriptive),30,0.75,124,0.7515151515151515,0.4274193548387097,1.2600111029116638,4.635296126098509,574.7767196362151,623.2647280362922,18.13529612609851
TRADED_order_flow,top_confidence(descriptive),30,0.5,83,0.503030303030303,0.40963855421686746,1.1926659446888828,3.518393993614584,292.0267014700105,372.1983494376603,17.018393993614584
TRADED_order_flow,top_confidence(descriptive),30,0.25,42,0.2545454545454545,0.42857142857142855,1.2714644637227712,5.218046134325992,219.1579376416917,248.2669311647472,18.71804613432599
TRADED_order_flow,top_confidence(descriptive),30,0.1,17,0.10303030303030303,0.7058823529411765,5.507946198732071,38.86422140744353,660.69176392654,97.39885786727939,52.36422140744353
TRADED_order_flow,cooldown_min,30,0.0,165,1.0,0.41818181818181815,0.988675871834601,-0.23486002725706015,-38.75190449741493,711.1134201453644,13.265139972742938
TRADED_order_flow,cooldown_min,30,5.0,116,0.703030303030303,0.3706896551724138,0.7441344532991744,-6.134542976701569,-711.606985297382,1235.8957839620552,7.365457023298431
TRADED_order_flow,cooldown_min,30,15.0,81,0.4909090909090909,0.35802469135802467,0.792589933098564,-4.97956587063634,-403.34483552154353,734.6778228272356,8.52043412936366
TRADED_order_flow,cooldown_min,30,30.0,69,0.41818181818181815,0.3188405797101449,0.6500658706032086,-8.69880201280342,-600.2173388834359,750.4351496013298,4.801197987196582
TRADED_order_flow,cooldown_min,30,60.0,49,0.296969696969697,0.3673469387755102,0.7211436762560958,-5.589916210225836,-273.905894301066,614.5419625589401,7.910083789774164
TRADED_order_flow,min_expected_move,60,0.0,165,1.0,0.43902439024390244,1.0467868446497173,1.4074390011105373,230.8199961821281,1202.8959093106105,14.90743900111054
TRADED_order_flow,min_expected_move,60,5.0,165,1.0,0.43902439024390244,1.0467868446497173,1.4074390011105373,230.8199961821281,1202.8959093106105,14.90743900111054
TRADED_order_flow,min_expected_move,60,10.0,165,1.0,0.43902439024390244,1.0467868446497173,1.4074390011105373,230.8199961821281,1202.8959093106105,14.90743900111054
TRADED_order_flow,min_expected_move,60,15.0,165,1.0,0.43902439024390244,1.0467868446497173,1.4074390011105373,230.8199961821281,1202.8959093106105,14.90743900111054
TRADED_order_flow,min_expected_move,60,20.0,165,1.0,0.43902439024390244,1.0467868446497173,1.4074390011105373,230.8199961821281,1202.8959093106105,14.90743900111054
TRADED_order_flow,min_expected_move,60,30.0,164,0.9939393939393939,0.44171779141104295,1.0525600114447615,1.5820817068467863,257.87931821602615,1202.8959093106105,15.082081706846786
TRADED_order_flow,min_expected_move,60,50.0,155,0.9393939393939394,0.44805194805194803,1.0672278203000665,2.05800275103361,316.932423659176,1163.153495008495,15.55800275103361
TRADED_order_flow,top_confidence(descriptive),60,1.0,165,1.0,0.43902439024390244,1.0467868446497173,1.4074390011105373,230.8199961821281,1202.8959093106105,14.90743900111054
TRADED_order_flow,top_confidence(descriptive),60,0.75,124,0.7515151515151515,0.49193548387096775,1.324223347012153,8.949973483221745,1109.7967119194964,819.6859615923398,22.44997348322174
TRADED_order_flow,top_confidence(descriptive),60,0.5,83,0.503030303030303,0.4939759036144578,1.3577287141099645,10.388922416451729,862.2805605654935,679.7051450857371,23.88892241645173
TRADED_order_flow,top_confidence(descriptive),60,0.25,42,0.2545454545454545,0.5238095238095238,1.5118492100181793,13.904758493348842,583.9998567206513,316.8369228038292,27.40475849334884
TRADED_order_flow,top_confidence(descriptive),60,0.1,17,0.10303030303030303,0.7647058823529411,10.66655399397435,56.658457889877745,963.1937841279216,67.46141879515278,70.15845788987774
TRADED_order_flow,cooldown_min,60,0.0,165,1.0,0.43902439024390244,1.0467868446497173,1.4074390011105373,230.8199961821281,1202.8959093106105,14.90743900111054
TRADED_order_flow,cooldown_min,60,5.0,116,0.703030303030303,0.391304347826087,0.8267123245144784,-5.455452090602457,-627.3769904192826,1327.8479928592728,8.044547909397542
TRADED_order_flow,cooldown_min,60,15.0,81,0.4909090909090909,0.4,0.8447985001685909,-5.15902628236484,-412.7221025891872,1008.8421016257661,8.340973717635162
TRADED_order_flow,cooldown_min,60,30.0,69,0.41818181818181815,0.39705882352941174,0.9183728186060675,-2.3958079947159754,-162.91494364068632,644.8685210462686,11.104192005284027
TRADED_order_flow,cooldown_min,60,60.0,49,0.296969696969697,0.3958333333333333,0.9116058879552771,-2.5074097706687666,-120.35566899210079,404.64368828402314,10.992590229331235
ALLSIG_ALL,min_expected_move,10,0.0,8069,1.0,0.26468032278088144,0.2869576634797638,-12.774918317581388,-102901.96704811808,102901.96704811852,0.7250816824186118
ALLSIG_ALL,min_expected_move,10,5.0,8069,1.0,0.26468032278088144,0.2869576634797638,-12.774918317581388,-102901.96704811808,102901.96704811852,0.7250816824186118
ALLSIG_ALL,min_expected_move,10,10.0,8069,1.0,0.26468032278088144,0.2869576634797638,-12.774918317581388,-102901.96704811808,102901.96704811852,0.7250816824186118
ALLSIG_ALL,min_expected_move,10,15.0,7919,0.9814103358532655,0.2664136622390892,0.29039526837349205,-12.770714087577803,-100952.49486230253,100952.49486230292,0.7292859124221978
ALLSIG_ALL,min_expected_move,10,20.0,6797,0.8423596480356922,0.27377266696152147,0.30923258759840927,-12.657695708624475,-85857.14999159981,85857.14999159984,0.842304291375524
ALLSIG_ALL,min_expected_move,10,30.0,2973,0.3684471433882761,0.3190266982088543,0.4021618595671262,-11.799726720266126,-34915.39136526747,34915.391365267446,1.7002732797338733
ALLSIG_ALL,min_expected_move,10,50.0,902,0.11178584706902962,0.369179600886918,0.584115676575503,-8.027069537858868,-7240.416723148699,8424.816443469808,5.472930462141132
ALLSIG_ALL,top_confidence(descriptive),10,1.0,8069,1.0,0.26468032278088144,0.2869576634797638,-12.774918317581388,-102901.96704811808,102901.96704811852,0.7250816824186118
ALLSIG_ALL,top_confidence(descriptive),10,0.75,6052,0.7500309827735779,0.2566650107633714,0.2763775085326744,-13.150971252332257,-79418.71539283449,79418.71539283424,0.34902874766774405
ALLSIG_ALL,top_confidence(descriptive),10,0.5,4107,0.5089850043375883,0.25640400097584776,0.2887188476298904,-12.894587401642452,-52854.91375933241,52854.913759332434,0.6054125983575481
ALLSIG_ALL,top_confidence(descriptive),10,0.25,2022,0.2505886726979799,0.24938026772434307,0.27265493677414115,-13.319469028128148,-26865.369029734476,26865.369029734502,0.18053097187185074
ALLSIG_ALL,top_confidence(descriptive),10,0.1,864,0.10707646548519023,0.2361111111111111,0.25567373333365984,-14.245094470905153,-12307.761622862052,12307.761622862032,-0.7450944709051528
ALLSIG_ALL,cooldown_min,10,0.0,8069,1.0,0.26468032278088144,0.2869576634797638,-12.774918317581388,-102901.96704811808,102901.96704811852,0.7250816824186118
ALLSIG_ALL,cooldown_min,10,5.0,2804,0.347502788449622,0.2629510539478385,0.2977521215404386,-12.667475910332218,-35456.26507301988,35546.51442380964,0.8325240896677798
ALLSIG_ALL,cooldown_min,10,15.0,1487,0.18428553724129385,0.2744436952124073,0.3342887799240221,-11.655736939189556,-17285.45788081811,17362.686599363646,1.8442630608104447
ALLSIG_ALL,cooldown_min,10,30.0,985,0.12207212789688933,0.2682926829268293,0.3034409261679469,-12.429437686143293,-12230.566683165001,12320.816033954763,1.0705623138567057
ALLSIG_ALL,cooldown_min,10,60.0,644,0.07981162473664642,0.28149300155520995,0.3498087106880866,-11.612081882549612,-7466.5686504794,7494.665190726581,1.8879181174503876
ALLSIG_ALL,min_expected_move,30,0.0,8069,1.0,0.37392603660814344,0.5443963784481017,-10.59849265547545,-85116.49451612333,85202.07358645013,2.90150734452455
ALLSIG_ALL,min_expected_move,30,5.0,8069,1.0,0.37392603660814344,0.5443963784481017,-10.59849265547545,-85116.49451612333,85202.07358645013,2.90150734452455
ALLSIG_ALL,min_expected_move,30,10.0,8069,1.0,0.37392603660814344,0.5443963784481017,-10.59849265547545,-85116.49451612333,85202.07358645013,2.90150734452455
ALLSIG_ALL,min_expected_move,30,15.0,8069,1.0,0.37392603660814344,0.5443963784481017,-10.59849265547545,-85116.49451612333,85202.07358645013,2.90150734452455
ALLSIG_ALL,min_expected_move,30,20.0,8068,0.9998760689056885,0.37397260273972605,0.5444184858940979,-10.59886776795507,-85108.90817667922,85194.487247006,2.9011322320449286
ALLSIG_ALL,min_expected_move,30,30.0,7552,0.935927624240922,0.3804897524620708,0.5580394561590234,-10.44970369260061,-78519.07354620098,78604.65261652769,3.050296307399391
ALLSIG_ALL,min_expected_move,30,50.0,3370,0.41764778782996653,0.4252701080432173,0.6292533145824086,-9.85608498762155,-32840.475178755005,32904.19226754237,3.643915012378451
ALLSIG_ALL,top_confidence(descriptive),30,1.0,8069,1.0,0.37392603660814344,0.5443963784481017,-10.59849265547545,-85116.49451612333,85202.07358645013,2.90150734452455
ALLSIG_ALL,top_confidence(descriptive),30,0.75,6052,0.7500309827735779,0.36150780471604116,0.5357914638739238,-10.912401600224308,-65714.48243655078,65778.1995253381,2.5875983997756906
ALLSIG_ALL,top_confidence(descriptive),30,0.5,4107,0.5089850043375883,0.3618791289454367,0.5623435149399477,-9.945299206052804,-40646.43785513781,41372.369916772404,3.554700793947196
ALLSIG_ALL,top_confidence(descriptive),30,0.25,2022,0.2505886726979799,0.34378109452736316,0.5363832575680976,-10.56608275623983,-21237.82634004206,22583.20067232964,2.933917243760169
ALLSIG_ALL,top_confidence(descriptive),30,0.1,864,0.10707646548519023,0.3136574074074074,0.5064905440675356,-10.961654605830892,-9470.869579437891,10357.586076303447,2.5383453941691068
ALLSIG_ALL,cooldown_min,30,0.0,8069,1.0,0.37392603660814344,0.5443963784481017,-10.59849265547545,-85116.49451612333,85202.07358645013,2.90150734452455
ALLSIG_ALL,cooldown_min,30,5.0,2804,0.347502788449622,0.3637015781922525,0.5194836311199793,-11.48571726475935,-32022.179734149067,32453.97628173107,2.0142827352406494
ALLSIG_ALL,cooldown_min,30,15.0,1487,0.18428553724129385,0.36024423337856176,0.5230059411623166,-11.335205007660177,-16708.0921812911,16812.935349401567,2.1647949923398233
ALLSIG_ALL,cooldown_min,30,30.0,985,0.12207212789688933,0.3496932515337423,0.5119001379892566,-11.789977468086434,-11530.597963788532,11606.579782709869,1.710022531913566
ALLSIG_ALL,cooldown_min,30,60.0,644,0.07981162473664642,0.3652037617554859,0.5704769496803032,-9.835404069069524,-6274.987796066356,6305.483233576544,3.664595930930476
ALLSIG_ALL,min_expected_move,60,0.0,8069,1.0,0.4213686976104091,0.6789506269287291,-9.985367470671493,-79813.04219307724,81889.04289845054,3.5146325293285057
ALLSIG_ALL,min_expected_move,60,5.0,8069,1.0,0.4213686976104091,0.6789506269287291,-9.985367470671493,-79813.04219307724,81889.04289845054,3.5146325293285057
ALLSIG_ALL,min_expected_move,60,10.0,8069,1.0,0.4213686976104091,0.6789506269287291,-9.985367470671493,-79813.04219307724,81889.04289845054,3.5146325293285057
ALLSIG_ALL,min_expected_move,60,15.0,8069,1.0,0.4213686976104091,0.6789506269287291,-9.985367470671493,-79813.04219307724,81889.04289845054,3.5146325293285057
ALLSIG_ALL,min_expected_move,60,20.0,8069,1.0,0.4213686976104091,0.6789506269287291,-9.985367470671493,-79813.04219307724,81889.04289845054,3.5146325293285057
ALLSIG_ALL,min_expected_move,60,30.0,8058,0.9986367579625728,0.4213229766975695,0.6791384220011303,-9.98570627640367,-79705.90749825409,81781.90820362739,3.5142937235963294
ALLSIG_ALL,min_expected_move,60,50.0,6672,0.8268682612467468,0.4272286234081261,0.7024537202897753,-9.792867751285304,-64593.75568747786,66669.7563928509,3.7071322487146974
ALLSIG_ALL,top_confidence(descriptive),60,1.0,8069,1.0,0.4213686976104091,0.6789506269287291,-9.985367470671493,-79813.04219307724,81889.04289845054,3.5146325293285057
ALLSIG_ALL,top_confidence(descriptive),60,0.75,6052,0.7500309827735779,0.42034068136272545,0.6920040740585047,-9.539789186506118,-57124.25764879864,59970.92220393532,3.9602108134938816
ALLSIG_ALL,top_confidence(descriptive),60,0.5,4107,0.5089850043375883,0.42079329884207933,0.7334314489541962,-8.27946775433894,-33606.35961486176,38559.895608353225,5.220532245661059
ALLSIG_ALL,top_confidence(descriptive),60,0.25,2022,0.2505886726979799,0.42203219315895374,0.7777148764448464,-6.72021346730684,-13359.784373005998,17700.312879735382,6.7797865326931595
ALLSIG_ALL,top_confidence(descriptive),60,0.1,864,0.10707646548519023,0.38443670150987225,0.7637789142611805,-7.125683730794218,-6135.213692213822,9042.526105010023,6.374316269205784
ALLSIG_ALL,cooldown_min,60,0.0,8069,1.0,0.4213686976104091,0.6789506269287291,-9.985367470671493,-79813.04219307724,81889.04289845054,3.5146325293285057
ALLSIG_ALL,cooldown_min,60,5.0,2804,0.347502788449622,0.4082882882882883,0.6539696568953914,-10.898367242981404,-30242.969099273396,32262.731713480316,2.6016327570185953
ALLSIG_ALL,cooldown_min,60,15.0,1487,0.18428553724129385,0.4055896387184731,0.6638576061547545,-10.648320409906153,-15621.086041332328,16232.934322198396,2.851679590093846
ALLSIG_ALL,cooldown_min,60,30.0,985,0.12207212789688933,0.38501026694045176,0.6595724605662676,-10.843290574424108,-10561.365019489082,10881.660737755075,2.656709425575892
ALLSIG_ALL,cooldown_min,60,60.0,644,0.07981162473664642,0.39308176100628933,0.6437012643020903,-11.550368545484583,-7346.034394928195,7507.916292391192,1.9496314545154152
