universe,h,window,cost,n,bars,exp,pf,wr,t,drift
traded order_flow,30,F1,S1,49,49,-4.052448749889723,0.8271988662527031,0.3877551020408163,-0.326278398178029,0.03492850970486293
traded order_flow,30,F1,S6,49,49,1.447551250110277,1.071158030649469,0.4489795918367347,0.11654797686940203,0.03492850970486293
traded order_flow,30,F1,S3,49,49,6.447551250110276,1.3638660417983135,0.4897959183673469,0.519117408730703,0.03492850970486293
traded order_flow,30,F2,S1,48,47,-8.23309393883916,0.6232113287341078,0.3333333333333333,-0.8871465248953663,0.043889795015796464
traded order_flow,30,F2,S6,48,47,-2.7330939388391577,0.8496980951149973,0.3333333333333333,-0.2945010476092802,0.043889795015796464
traded order_flow,30,F2,S3,48,47,2.2669060611608423,1.1500033372983813,0.4166666666666667,0.24426756810534336,0.043889795015796464
traded order_flow,30,F3,S1,68,66,8.161861666345018,1.4533969337458814,0.5,0.695505034750651,1.19608028725555
traded order_flow,30,F3,S6,68,66,13.661861666345018,1.8869597752901808,0.5588235294117647,1.1641821390076246,1.19608028725555
traded order_flow,30,F3,S3,68,66,18.661861666345015,2.399083007644585,0.6176470588235294,1.5902522337866911,1.19608028725555
traded order_flow,30,ALL (in-sample),S1,271,263,-3.4754266612830524,0.8359080019900167,0.3948339483394834,-0.7244083492756633,0.004503558361480371
traded order_flow,30,ALL (in-sample),S6,271,263,2.024573338716948,1.1125717432908178,0.45018450184501846,0.4219964836622445,0.004503558361480371
traded order_flow,30,ALL (in-sample),S3,271,263,7.024573338716947,1.4575076381700989,0.4981549815498155,1.4641826954239787,0.004503558361480371
traded order_flow,60,F1,S1,49,49,-6.002931644187012,0.8503015506085447,0.3469387755102041,-0.5100214784413815,0.05610344406118685
traded order_flow,60,F1,S6,49,49,-0.5029316441870122,0.9862463728621257,0.3673469387755102,-0.04273011187318856,0.05610344406118685
traded order_flow,60,F1,S3,49,49,4.497068355812988,1.1345056697140428,0.40816326530612246,0.38208022137062314,0.05610344406118685
traded order_flow,60,F2,S1,48,47,-5.469392086643812,0.7432573081462801,0.3958333333333333,-0.6701380451284491,0.09723742167039444
traded order_flow,60,F2,S6,48,47,0.030607913356186362,1.001696318806636,0.4166666666666667,0.0037502389474078053,0.09723742167039444
traded order_flow,60,F2,S3,48,47,5.030607913356186,1.3274749474752452,0.4791666666666667,0.6163759517436413,0.09723742167039444
traded order_flow,60,F3,S1,67,66,11.75364875979395,1.4046763880220148,0.5373134328358209,1.121258356203239,2.6029540387532344
traded order_flow,60,F3,S6,67,66,17.25364875979395,1.6487709484848407,0.5671641791044776,1.6459397623903271,2.6029540387532344
traded order_flow,60,F3,S3,67,66,22.25364875979395,1.9109080286795321,0.5671641791044776,2.1229228589240434,2.6029540387532344
traded order_flow,60,ALL (in-sample),S1,270,263,-0.7589761296943531,0.973638413486677,0.45555555555555555,-0.15379944480294885,0.008675125871893475
traded order_flow,60,ALL (in-sample),S6,270,263,4.741023870305647,1.1832407243990886,0.4777777777777778,0.9607243370673314,0.008675125871893475
traded order_flow,60,ALL (in-sample),S3,270,263,9.741023870305646,1.4178278384907002,0.5,1.9739277751312223,0.008675125871893475
ALL order_flow signals,30,F1,S1,100,96,-10.918616077247231,0.6282935836342595,0.42,-2.398512706281032,-0.17114969755382836
ALL order_flow signals,30,F1,S6,100,96,-5.418616077247233,0.7945057262474589,0.47,-1.1903174742831364,-0.17114969755382836
ALL order_flow signals,30,F1,S3,100,96,-0.41861607724723343,0.9824016253699013,0.5,-0.09195817246686734,-0.17114969755382836
ALL order_flow signals,30,F2,S1,67,64,-13.473175172921813,0.4766665970703231,0.31343283582089554,-1.3903258470120483,-0.025013390418859444
ALL order_flow signals,30,F2,S6,67,64,-7.973175172921817,0.6370682085409641,0.31343283582089554,-0.8227690491211792,-0.025013390418859444
ALL order_flow signals,30,F2,S3,67,64,-2.9731751729218163,0.8416862128374449,0.3880597014925373,-0.3068083237658433,-0.025013390418859444
ALL order_flow signals,30,F3,S1,95,92,2.4293329931480967,1.1219127772177835,0.4842105263157895,0.27707456798501257,1.187146457211965
ALL order_flow signals,30,F3,S6,95,92,7.929332993148098,1.4610514165179653,0.5263157894736842,0.904370261171471,1.187146457211965
ALL order_flow signals,30,F3,S3,95,92,12.929332993148096,1.8659254174505702,0.5684210526315789,1.4746390731591603,1.187146457211965
ALL order_flow signals,30,ALL (in-sample),S1,512,482,-7.8023138763293804,0.680607355003511,0.390625,-2.2747926320686602,0.12395340708980988
ALL order_flow signals,30,ALL (in-sample),S6,512,482,-2.3023138763293804,0.8914677269967725,0.435546875,-0.6712478792313604,0.12395340708980988
ALL order_flow signals,30,ALL (in-sample),S3,512,482,2.69768612367062,1.145770557621592,0.48828125,0.7865200778934578,0.12395340708980988
ALL order_flow signals,60,F1,S1,100,96,-6.506924899547618,0.8359884527228642,0.38,-0.8758691932587463,-0.27490687589981555
ALL order_flow signals,60,F1,S6,100,96,-1.0069248995476174,0.9723215730991531,0.42,-0.1355378328556137,-0.27490687589981555
ALL order_flow signals,60,F1,S3,100,96,3.9930751004523835,1.11921703714902,0.44,0.5374906766017795,-0.27490687589981555
ALL order_flow signals,60,F2,S1,67,64,-11.114110969075776,0.5748944334569741,0.3880597014925373,-1.120368769993979,-0.04172968129837946
ALL order_flow signals,60,F2,S6,67,64,-5.614110969075776,0.754028914478956,0.40298507462686567,-0.5659359186294128,-0.04172968129837946
ALL order_flow signals,60,F2,S3,67,64,-0.6141109690757764,0.969305772030273,0.44776119402985076,-0.06190605375253449,-0.04172968129837946
ALL order_flow signals,60,F3,S1,94,92,7.847139090710674,1.250438379764797,0.5106382978723404,0.8793550184740683,2.593014080705767
ALL order_flow signals,60,F3,S6,94,92,13.347139090710671,1.4635479701038054,0.5531914893617021,1.4956882509680218,2.593014080705767
ALL order_flow signals,60,F3,S3,94,92,18.347139090710673,1.6907965993010807,0.5531914893617021,2.055991189598889,2.593014080705767
ALL order_flow signals,60,ALL (in-sample),S1,511,482,-4.619860190793049,0.8551111171810358,0.4324853228962818,-1.1161583581407495,0.23876928473968956
ALL order_flow signals,60,ALL (in-sample),S6,511,482,0.8801398092069502,1.0305106088356273,0.4598825831702544,0.21264180382266215,0.23876928473968956
ALL order_flow signals,60,ALL (in-sample),S3,511,482,5.88013980920695,1.2245130202427001,0.4794520547945205,1.4206419510621275,0.23876928473968956
