p,condition,value,n_bars,cont_fwd1,t1,cont_fwd5,t5,cont_fwd10,t10,cont_fwd30,t30,cont_fwd60,t60,cont_fwd30_S1,drift_part30,Q1_fwd30,Q2_fwd30,Q3_fwd30,Q4_fwd30,quarters_pos
5,bucket,strong_neg,2210,-0.002178012747404176,-0.013144373717299922,-0.19338083380598586,-0.2749496210288584,0.054147140427296285,0.04878564352385609,3.429663988209646,1.3116278616385553,5.230197263061598,1.0304417706705213,-10.070336011790355,1.1874326413552738,8.026410399377394,6.088992033163076,2.617080704837603,-3.153337626889597,3.0
5,bucket,weak_neg,971,0.326722345126881,1.3063558479063235,-0.8950204089660873,-1.202442492461915,-1.2224293027057698,-1.1243169873523,0.13112379310571726,0.05457970257492872,1.1940849341567024,0.23430341508624633,-13.368876206894283,1.2186081653897833,-0.34301259373690984,-1.799057491287036,4.055049819131629,-1.4103990093756025,1.0
5,bucket,neutral,1515,0.26984011973578026,1.4926695398623349,0.47832055891975744,0.9588467145760778,0.03011969479965458,0.043886345611914956,0.32565287378137014,0.2565844681480742,-2.9830114984088327,-1.7894626772920448,-13.17434712621863,-0.012132993045911348,-0.9879777134678248,-1.7283633308600648,0.07716652905941883,3.989465634293259,2.0
5,bucket,weak_pos,876,0.279578165016373,1.2960665844334118,0.7344622162294532,1.192730229677079,-0.9590467842975671,-0.8081508922800884,-2.298591607244925,-0.8923416211571581,-3.7986324979801864,-0.7297250309019591,-15.798591607244925,-1.2429164793796073,-5.6077402944702355,1.1776217045096027,-4.915687143120794,0.17402023416022036,2.0
5,bucket,strong_pos,2124,0.015918576033125912,0.09321423635717185,-1.4210249236494323,-2.3471101772868495,-1.3805397330899616,-1.1376393272990086,0.8425974370527434,0.289608173758395,-0.1414364928788536,-0.028285093577735804,-12.657402562947256,-1.240073235949805,-7.217704949663154,2.421509731327734,2.6115485173625945,5.599831496827629,3.0
5,persist3,False,2504,0.3517826226477948,2.168303014316344,0.4139866736891432,1.0310356621145418,0.07734585919426876,0.18354039932729627,0.8062041772499992,1.8026814237801878,0.4954228704067277,0.8079694155779017,-12.693795822750001,0.004971513033426655,0.004100627238385859,0.6551578749520661,0.48854294176470564,2.0934658940130575,4.0
5,persist3,True,5192,0.022880541117249513,0.23522372421663468,-0.7673352874049608,-1.7391992251933939,-0.9601917013699021,-1.4056499351801341,1.1452381090538462,0.8445846165931282,0.6375527714044865,0.3611201524769103,-12.354761890946154,0.037384869238627064,-0.5749941008435235,2.1491940466979855,2.1312154226186197,0.8708870497886573,3.0
5,accel,False,4157,0.14575910409016984,1.254555451224964,-0.34884143937690704,-0.8771350261888217,-1.2314791241714724,-2.515448879708992,-0.33685963887588727,-0.34619715531356815,-2.2034538405247734,-1.3424314955092784,-13.836859638875888,0.021853200623279542,-1.0224220803632411,-1.0353958611014382,0.10951207597469448,0.6256120909458706,2.0
5,accel,True,3539,0.11129181674229296,0.8222745739870865,-0.4232103982361586,-0.7770376517896221,0.09204931774704019,0.10618722677111911,2.6378313489167398,1.362922661602437,3.85757308779485,1.4439052406338013,-10.86216865108326,0.03266978804221429,1.171571793415479,3.6092228024288966,3.5039279090670177,2.2659004874950743,4.0
5,mom_agree,False,2624,0.2718126552759418,1.7753577335492037,0.5415076981463316,1.1388616836444405,0.6860332017333802,0.9609704151470934,2.0596522931381194,1.5444382995233716,2.7588903403598293,1.2515753297333927,-11.44034770686188,0.05786354280896785,1.6933502661771496,0.41661179482864646,0.9396377184932265,5.242378273827204,4.0
5,mom_agree,True,5072,0.05647804547537949,0.5969045576734611,-0.8615396292446592,-2.2018695799939985,-1.3005366513736392,-1.8526449303792494,0.5049070271629683,0.3453227675682659,-0.5277626283894621,-0.27827558660151347,-12.995092972837032,0.01079557176548879,-1.2216045206699186,2.041754575570886,2.012863152005315,-0.833439181827611,2.0
5,highvol,False,5089,0.047538451122207136,0.5880152224543882,0.04683011932120253,0.12959982089285632,0.4558807472581045,0.8040696742097883,1.5257401140903164,1.4019819958234816,0.6281254189575435,0.42449401409163895,-11.974259885909683,0.003827014083078674,1.5759615344743392,0.7183709538076688,1.7298845771349487,2.078703908695578,4.0
5,highvol,True,2607,0.29075725183760875,1.5702372364302024,-1.223761193697043,-2.1189102060293425,-2.7358987680225537,-3.265126370872771,0.06545409764018863,0.038170703739897865,0.5177746491131869,0.20918337139547302,-13.434545902359812,0.0529851495919732,-3.0907874188558258,-1.29980805814097,4.097818932225294,0.5846677423505009,2.0
5,vol_spike,False,6154,0.08871641901946063,0.9401206222249299,-0.48947372011072976,-1.5314198690070788,-0.7787138127743104,-1.7520297823030777,0.5951079263439057,0.6730666348937372,-0.05946150119110662,-0.04632862939292873,-12.904892073656095,0.012134514655420994,-0.959904652856885,1.3085934306388427,1.4889147293034897,0.5429576557305226,3.0
5,vol_spike,True,1542,0.2944034610019207,1.459071362680912,0.041761992152422184,0.06528693395486423,0.0005344906187239467,0.000514761503273482,2.785536312875421,1.441628294745101,3.1757926078333174,1.25128614637394,-10.714463687124578,0.08316277808326947,1.1235009979570736,4.0089393962630195,1.7368223710971535,4.28498882472631,4.0
5,regime,BREAKDOWN,177,-0.6261108911637333,-0.9243166603718974,-2.0565704188528717,-1.2622887817174095,-1.5333320074764043,-0.5799659560542917,3.9565857181505417,0.9575780859890004,0.7291473788028189,0.10291626894660709,-9.543414281849458,0.5912967331921228,2.529545375662807,7.244222423654634,2.9312086970689766,3.1537991112722863,4.0
5,regime,BREAKOUT,164,0.8130468073985019,1.1172373915298135,0.21463345654764318,0.15969373769966733,-0.34269025846319046,-0.1446384666685952,-0.8635835391176016,-0.21750162567078668,3.3506542088789253,0.5836436022580246,-14.363583539117602,-0.2770991423776309,-5.649510155461327,-2.7853822285618364,6.5732254341550185,-1.5926672066022611,1.0
5,regime,HIGH_VOLATILITY,996,0.18792370114138765,0.5649220186534856,-1.446665505906551,-1.2961428394402577,-1.6624582522072635,-1.629995517266617,0.44946845739186836,0.2719578091779392,5.725161251036605,1.933656392193323,-13.050531542608132,0.03480211561389271,2.342542112168619,2.5151395012025777,-3.8493115378692004,0.7895037540654763,3.0
5,regime,LOW_VOLATILITY,1502,0.15787812464802323,1.133961256983417,0.9157182936072221,1.3316086557574862,2.268532310171857,2.335256024181778,3.3072441567325317,1.708570572824838,0.29873994960853645,0.11737160424117168,-10.192755843267468,0.028053511904026437,7.114261692500214,-1.5282044432125197,4.474880572552605,3.158283985451198,3.0
5,regime,RANGE,4475,0.053344226636391136,0.411070175925482,-0.7244599960951411,-2.279334659112056,-1.757907871986056,-3.4783932566196514,-0.12018887318506241,-0.11963358609265398,-0.4724670454906459,-0.3174079538336977,-13.620188873185063,0.01611238253850579,-2.1759745400454693,0.6821224759579778,1.923716932173663,-0.9305184681027138,2.0
5,regime,TREND_DOWN,209,0.33432136241213073,0.4436614811772645,0.6950190323816502,0.226637263488522,4.341280879707847,0.9546637645557983,1.3677721793132478,0.3041853566310832,2.2123162157357896,0.33503249940648505,-12.132227820686753,0.26701494106178114,-15.73004604172702,13.68394208853167,1.7483669917803686,6.097629875226436,3.0
5,regime,TREND_UP,168,1.5931855220824698,1.4181141405529907,2.934766913761186,1.2037449674095526,4.460301564154758,1.3540479936586647,13.170893081673713,1.6463551635229312,-4.159776147961622,-0.3531962526630524,-0.32910691832628736,-0.16105585648353143,5.908481980716447,11.5065816426175,17.25973319654514,18.008775506815766,4.0
5,regime,UNCERTAIN,5,-4.675364922201997,,9.682251727910486,4542185966033855.0,-3.3355677891371287,-9388788657641876.0,-1.0015020675173674,-1734755514646921.8,2.172598917740576,,-14.501502067517368,-3.504049200118331,,,,,
10,bucket,strong_neg,1733,-0.021627112267836465,-0.11903122614536749,-0.8491740398051456,-1.1529499152448472,-0.8875476174579716,-0.6469904326133841,3.037802349672248,1.0731869459124728,5.874554413968986,1.1803638614101013,-10.462197650327752,1.1568775155336752,10.191696494780702,3.972880087332111,-1.1288443450414247,-0.9657673699821394,2.0
10,bucket,weak_neg,1127,0.012414662911852472,0.05312380997065859,0.10771560933420823,0.10685518218782276,2.229645605428441,1.3718889343034275,6.0194140030564105,1.4796914308914932,7.744467241191658,1.117016497937518,-7.4805859969435895,1.153952780194965,6.035937646136994,7.095559392644393,10.955175589984496,-0.16701546095573602,3.0
10,bucket,neutral,1984,0.2171003868586119,1.1380643952179792,-0.7115233438995496,-1.3488005066166329,-0.5395261603700415,-0.6912295470321722,-0.8729598623699152,-0.6471638772762525,-0.0424791747210945,-0.01902393063022973,-14.372959862369916,0.038367601615276616,-2.4372298852260896,3.2969706884805716,-1.8332759391163127,-2.5249656271856358,1.0
10,bucket,weak_pos,1216,-0.16551283837678646,-0.8185251111141316,-0.8109399769912202,-1.2949261252853916,-0.20215539077690098,-0.16753137722779818,0.2257955444180142,0.08986326321964455,1.3871897819114074,0.2902990141591366,-13.274204455581986,-1.2444349998763438,-8.4067522804019,8.090177248792685,-2.2389065241169446,3.5348592799398375,2.0
10,bucket,strong_pos,1636,-0.1212818864107546,-0.605122622681505,-0.41377316704010564,-0.4685781963749511,-1.1945182027765398,-0.7327806707815224,2.9263052074950044,0.8940592743426075,0.7757463712552385,0.13721860436776634,-10.573694792504995,-1.2155635832077354,-6.537965520796823,2.9522353977337175,8.438754244221863,6.910646706359615,3.0
10,persist3,False,1666,0.357704897548857,1.6712649123840293,-0.09060930386648927,-0.1937090536189496,-0.39063577296017277,-0.7242782072740052,-0.1441837888328016,-0.2177386670689455,-0.1390646817258842,-0.14529322014153023,-13.644183788832802,-5.331202999400511e-19,-0.522790770585064,1.4821570186273156,-1.9087678299597424,0.3773375104313443,2.0
10,persist3,True,6030,-0.09756392719243699,-0.9862905546857158,-0.7088308515106527,-1.4184183148598755,-0.2725706549868844,-0.29546256525318604,2.5868191932371087,1.433940569957693,3.6506435723627506,1.4344314417277013,-10.913180806762892,0.014441434456096995,1.7049045471899904,3.518147270149904,4.482364463321463,0.6096458817083313,4.0
10,accel,False,4157,0.0389137031367726,0.32288588699361037,-0.24393393079817707,-0.5048197146997738,-0.4633427482394506,-0.5916605731160369,1.7332244081369725,1.238596122057055,2.7780813126385624,1.3743546087852125,-11.766775591863027,-0.009280126292077619,-0.22512707436952778,3.867267408881161,3.6731553409872078,-0.4347651034107533,2.0
10,accel,True,3539,-0.04351565638972419,-0.3191175213088763,-0.9638335684747817,-1.8278903455315438,-0.10423246757438474,-0.12007419523565291,2.3003335075365356,1.2805271457223322,2.8869534620929884,1.0747261710878842,-11.199666492463464,0.035480092389931654,1.80994414145702,3.6627693245092305,2.0387383844491436,1.6868136207814746,4.0
10,mom_agree,False,2202,0.10426276344609668,0.7269789477468923,0.23696348257460947,0.4011821661057955,1.207498392840777,1.2273008109737948,3.812027031135154,1.842088507264821,6.9177806879405574,2.1428818603862694,-9.687972968864846,0.0406647887638551,3.404262784686265,5.369250860429504,2.2360639363986277,4.252073277926421,4.0
10,mom_agree,True,5494,-0.040363833285705426,-0.4060491692531039,-0.8999897448606737,-2.148669339716925,-0.9015358805164227,-1.0825050438863997,1.270270008415467,0.7668096600241424,1.2016163841556418,0.5258511298187172,-12.229729991584533,-0.0004529955173014475,0.05241102237360653,3.23966816096693,2.8920781063960614,-1.1231083421789483,3.0
10,highvol,False,5089,0.10594980941583916,1.1776335694915416,0.1654444410589066,0.4123239112494807,0.7172432723421203,1.0065451887685402,2.546481162390462,1.8065483130507458,2.1186376649205223,1.09873071501823,-10.953518837609538,-0.002435372598322793,2.955408429453521,2.0805962543091177,2.7579552733855217,2.391643208713165,4.0
10,highvol,True,2607,-0.20393520254950595,-1.0865284237781683,-2.022908432414308,-2.6503555091923077,-2.2878280413884458,-1.6041480579364629,0.9051557406870111,0.29716025233429544,4.24618008039127,0.887707722631731,-12.594844259312989,0.05012108745186655,-3.5018758874295446,-2.4132020225346063,9.4569015527216,0.05269168846509782,2.0
10,vol_spike,False,6154,-0.017164247313598568,-0.1660409155133591,-0.6191341549551646,-1.4493311995103604,-0.4262252753730326,-0.5919646577937472,1.5940013225481386,1.122038027587256,2.4790067049544056,1.178153076236859,-11.905998677451862,0.004853805862168396,0.2648033965700324,3.9292983105602692,2.6874175890092196,-0.5407376836023216,3.0
10,vol_spike,True,1542,0.07355757316098545,0.3263785971890549,-0.3984334377800075,-0.6401080509252524,0.21307930643241244,0.2018131100957878,3.5901123300214706,1.754835613125244,4.2153820581479335,1.5393168283503085,-9.909887669978529,0.03608950747009808,2.7829447762488027,3.8905018437625207,2.832875014164523,4.862835775376223,4.0
10,regime,BREAKDOWN,177,-0.614184182933643,-0.7937069332524554,1.4148644388876173,1.141462864075542,3.1696989978513557,1.370562312456031,5.1927729040977635,1.2469573393652422,-2.2472393778111437,-0.3926408204663815,-8.307227095902237,0.5912967331921228,3.2273611107854383,8.384268670952473,7.405187669090899,1.7989426154102481,4.0
10,regime,BREAKOUT,164,0.4480958673328932,0.71146006698625,0.4534184023926248,0.3449032542148087,2.8377749287829164,1.2363918778501073,4.160631269758523,1.1659025128710345,6.994735158008551,1.253911502107723,-9.339368730241478,-0.19533218233177255,-6.29357210021753,3.0579673538707146,8.768827112710952,11.109302712669958,3.0
10,regime,HIGH_VOLATILITY,996,-0.10196270888475438,-0.37786578286108424,-2.4438893884879667,-2.865298203709995,-2.8541983326634672,-2.061764082652998,-0.40741612231520813,-0.15467468207520937,6.473823804323385,1.4186464264284762,-13.907416122315208,-0.0036633805909360717,-0.23209433254004935,5.389660485513023,-3.358142539935721,-3.429088102298086,1.0
10,regime,LOW_VOLATILITY,1502,0.2240543263813246,1.263414597472993,0.8473275682377438,1.2574854532931588,1.514938244276317,1.5705762751529733,2.4131475858027978,1.0265029521360873,-0.9576352113441267,-0.27800871566902063,-11.086852414197203,0.01697975720506863,6.704798721901284,-2.5322693574961264,1.3211650222684015,4.142839042955627,3.0
10,regime,RANGE,4475,-0.07400160088399227,-0.7472386142449271,-0.884048834784199,-2.0698524065139905,-1.0711610774798073,-1.3405189518745313,1.724710900571573,1.0543725753181936,3.132443463784582,1.3562272952461967,-11.775289099428427,-0.00025575210378579543,0.3776445199161429,4.4073926743929706,4.176315613695704,-2.164589094125851,3.0
10,regime,TREND_DOWN,209,0.18918258805879606,0.2066283598869272,2.574568807311872,0.7077807159751989,8.643210865534021,1.548029623703599,6.9863636846900405,1.0762405172764913,14.750345065009215,2.0312764936704824,-6.5136363153099595,0.4423680366844435,-18.227222598660582,30.28798710083169,8.395261299083305,7.974305596800956,3.0
10,regime,TREND_UP,168,0.5028762878157119,0.7787891359544172,-0.9506888824931975,-0.5783335327775455,1.1651681024496077,0.2652996630434659,7.776953096698375,0.658023436035732,-6.303110467857751,-0.37522686313530684,-5.723046903301625,-0.2973338888926734,-15.591777094400376,11.997299171820776,23.09244363878569,11.609846670587412,3.0
10,regime,UNCERTAIN,5,3.006473066394566,,-2.339127562356546,-3292029380687811.5,6.005794758429551,8452404698789688.0,7.677069490748423,,-0.8374854330943649,,-5.822930509251577,10.512147600354993,,,,,
20,bucket,strong_neg,1277,-0.06316429517509647,-0.25635144472236326,-0.30915005129901285,-0.2753670399212508,0.042082994803809566,0.023871738454925403,5.02993283093494,1.382987615013082,7.4528625461144795,1.2684071043713832,-8.47006716906506,1.070858414649788,9.511266617999583,4.185917139019569,9.659542333953839,-3.3561980820895414,3.0
20,bucket,weak_neg,1362,0.06367626923397705,0.3307172886479791,0.7411083241651361,0.8581268579680444,3.092676933999885,2.020722198955616,5.342712845842518,1.2886870898161304,6.023125856445762,0.9385981642453125,-8.157287154157482,1.1222057594948467,10.365187847664481,4.351734956621984,0.17794265301001144,6.474529429999497,4.0
20,bucket,neutral,2551,0.05066476348094323,0.3685940663534466,0.23859456282569425,0.37913980621075416,0.6894564947803768,0.7218616934457852,0.4636768373542983,0.26991156357267987,1.3595041638211205,0.49019035852331916,-13.0363231626457,0.0043614362909755915,-2.2780740254054836,2.189235925317199,3.2432242220071923,-1.3148355742201605,2.0
20,bucket,weak_pos,1404,0.18968783776632492,0.7140057172884967,0.6286018843358181,0.6116660629497748,0.8128721504637929,0.4854034699954812,2.108586276898605,0.6931586020607626,4.281842424285098,0.6812542431366615,-11.391413723101396,-1.2301999344981887,-9.78699289067822,8.305705998538798,7.927114664447903,1.9842671072642528,3.0
20,bucket,strong_pos,1102,0.035611746956015884,0.15140661588235668,-0.7993664735508219,-0.7750498265312014,-0.08883510769446061,-0.04371333351952234,4.737189290807263,0.9652317225877243,-1.4882891847523885,-0.2097341047744154,-8.762810709192738,-1.226878871331637,0.6685070188574066,-0.16839638733952375,1.3143202238816711,17.19442053881115,3.0
20,persist3,False,1094,0.10341005727438413,0.4223338230732483,-0.5446261062088786,-0.8776912117836295,-0.8567208398901915,-0.8608029643645395,-0.27740542834051984,-0.26062707506592925,1.2214777378057307,0.9080705665893574,-13.77740542834052,-0.004550036562619174,-2.9179098396163416,1.024126065728689,-0.2489980119709025,1.0525757013265495,2.0
20,persist3,True,6602,0.049651635474557955,0.4197542956058463,0.2755370077715066,0.4822501492114694,1.2119577353197994,1.3245359728042447,3.5409078843297594,1.795871662229461,3.664025986197721,1.3163068943965663,-9.959092115670241,0.027514611873517753,2.4434105115254803,3.910371141145292,5.815960590288562,1.9697975542325972,4.0
20,accel,False,4157,0.011300661826987227,0.074942715468162,0.6544377403978711,0.9632660572490225,1.6213385743156439,1.6152663372994773,3.305273831694016,1.901105374897532,2.8537983452555125,1.1469377660771387,-10.194726168305984,0.014668586719735588,1.9940909709876022,3.706427099783957,6.013675047639079,1.4620389513606544,4.0
20,accel,True,3539,0.11129181674229296,0.8222745739870865,-0.4232103982361586,-0.7770376517896221,0.09204931774704019,0.10618722677111911,2.6378313489167398,1.362922661602437,3.85757308779485,1.4439052406338013,-10.86216865108326,0.03266978804221429,1.171571793415479,3.6092228024288966,3.5039279090670177,2.2659004874950743,4.0
20,mom_agree,False,3004,0.14148938500728683,1.0157755252147933,1.114465833218398,1.7428298929221402,2.5157214796661145,2.465237836993428,4.238777082697461,2.3592639295575797,5.806393285489885,1.981197899364889,-9.26122291730254,0.04305630430367347,4.180568700028868,2.9382558201825586,4.603072007224,5.252102015144374,4.0
20,mom_agree,True,4692,0.0033961352998830023,0.028938478326876172,-0.4524083416414318,-0.8229341292023487,-0.1029978853126274,-0.10703594257158265,2.2037802694361095,1.0495566366639342,1.7283743890616003,0.612579474625026,-11.296219730563891,0.010079854082123862,0.8533204637760027,3.2776882677952295,3.7650062070133625,0.9013405504956953,4.0
20,highvol,False,5089,0.060301763992441394,0.6135640325633578,0.20750570226630358,0.4396844652542558,1.1381350107583958,1.457235170879101,3.034621696750186,1.886966645033782,2.1191728636903444,0.8469559713258306,-10.465378303249814,-0.005218655567834559,4.092784028126874,2.234218193146469,4.784186841269691,1.0264658358324124,4.0
20,highvol,True,2607,0.05140123294182624,0.24764658668109094,0.06407391404953049,0.06497775142553054,0.48597320031343083,0.2913963336141424,2.92418711772874,0.8062138734192015,5.709236093259496,1.1692155269578905,-10.57581288227126,0.10358358073385752,-0.10702819237222662,-6.215716394885344,11.7801798959597,6.413444631847484,2.0
20,vol_spike,False,6154,0.08576206932208019,0.8268422665194183,0.18674858673323316,0.3697716145427611,0.7193535620535928,0.9182256728157784,2.5957031126578993,1.5307873888848913,2.6665037851968587,1.0875382552268589,-10.9042968873421,0.02062867491421568,1.8016573103440938,1.5768721198755098,5.33348127157756,1.655422522870747,4.0
20,vol_spike,True,1542,-0.0564260120727762,-0.2626043328184004,0.048159010240566055,0.0681517704627901,1.7096717393390115,1.4413566747945379,4.597106592523526,2.1124057420693414,5.8985819942391045,1.7716124516207912,-8.902893407476473,0.03138218040878093,3.519930472095636,8.51475030526611,3.720035507817495,2.6262698319258573,4.0
20,regime,BREAKDOWN,177,-0.5611525877606777,-0.9419507249421765,0.058450812839211205,0.0510895664129886,3.282699835439261,1.8351916487646,5.523672327000724,1.3373489372861471,4.571560177266054,0.7140173956618632,-7.976327672999276,0.5425299923102983,11.437958889293615,8.249700233730012,-4.286322729217908,6.558937310508696,3.0
20,regime,BREAKOUT,164,0.3665141471205535,0.569048436410723,0.6019066519345921,0.5063634494749764,1.4770947725778532,0.702215993966975,3.794433837164993,0.9620035692789617,3.8272325018378246,0.7695113252715047,-9.705566162835007,-0.13173565785166058,-5.595877195099242,5.707922479530134,10.063723339336578,5.0019667248925,3.0
20,regime,HIGH_VOLATILITY,996,0.46497096320655246,1.2784214303343393,-0.5388592104229937,-0.4098254420642833,0.7352319488401917,0.37447070287066087,5.9437625650022925,1.61120087588982,10.727677463975152,1.6428528418098358,-7.5562374349977075,-0.05678239915950915,8.373273400276478,4.257730690316982,5.429295002553388,5.714751166862328,4.0
20,regime,LOW_VOLATILITY,1502,0.07091010036477177,0.4579440617757191,0.060967825966708904,0.09061707468410586,0.5439181949246931,0.4871383268058527,2.346697960392929,0.790858892225688,-2.223963794419734,-0.47485244862314496,-11.153302039607071,0.02288575971117946,9.299044865985815,-0.773911213004498,-0.34477076830170245,1.190971302897176,2.0
20,regime,RANGE,4475,-0.06643002077862856,-0.6050176578624594,0.10575819337824281,0.2126709044372149,0.6574719772435278,0.7681574638682078,2.104105808758224,1.1566026018749878,3.688106764550095,1.3259855266150324,-11.395894191241776,0.01713539095364902,-0.035139980615654896,3.811380801685249,5.778468877737324,-1.2242344941752978,2.0
20,regime,TREND_DOWN,209,0.3913102033781735,0.3936049950908548,2.3189994148119397,0.6222373266686179,4.793500721459152,0.8823737985350876,7.166647099264818,0.9949284039198807,14.182160519454573,1.6931638047277686,-6.333352900735182,0.6974270848628613,-19.272365250159144,23.292053376434247,11.733581213144141,13.421761602821258,3.0
20,regime,TREND_UP,168,0.868371301206626,1.2399388054604452,3.8079337352465203,1.2182729484091397,4.5877510843911535,0.7236737092913408,6.817127907871762,0.5473244376449855,-16.057946465435215,-1.3491220154565906,-6.682872092128238,-0.3902507291716338,-20.593381961743127,10.14329324922876,27.548480080432515,10.170120263568899,3.0
20,regime,UNCERTAIN,5,-4.0074740673956555,,-7.67088244765346,,-5.338460757761565,-1.5026431174616874e+16,-12.348407495419877,,1.1711524334279133,,-25.848407495419877,-17.520246000591655,,,,,
