level,regime,signals,bars,fwd10,fwd10_t,fwd10_S1,mfe10,mae10,fwd30,fwd30_t,fwd30_S1,mfe30,mae30,fwd60,fwd60_t,fwd60_S1,mfe60,mae60,actual_net_bps,actual_mid_bps,trades,actual_wr,Q1_fwd30,Q1_n,Q2_fwd30,Q2_n,Q3_fwd30,Q3_n,Q4_fwd30,Q4_n,quarters_fwd30_pos,quarters_fwd30_gt_cost,family,side
regime|traded,BREAKDOWN,322,154,-2.46625368052197,-1.1075474784365877,-15.966253680521971,21.1784140093493,-21.212697364413426,-0.2136913424924673,-0.04618635227186556,-13.713691342492467,35.66615894596369,-37.54662115731235,-4.736164902019023,-0.6521925498143086,-18.23616490201902,47.72957118922776,-51.68702110884348,-14.752603193819503,-1.6579638613285834,3884.0,,1.5039217599922856,110.0,7.124249692262858,56.0,-5.275619381140729,90,-2.399882490087572,66.0,2,0,,
regime|traded,BREAKOUT,339,149,2.6835330494265492,0.9222084843171213,-10.81646695057345,22.12907306097806,-16.69309137147109,3.550064452296121,0.6246975457650397,-9.949935547703879,36.8973225448994,-30.14788135400503,14.799828367480503,1.6986638100663527,1.2998283674805042,57.629274331428796,-44.00964619159468,-12.247070126572265,0.692638205013719,3932.0,,-2.0574401867661116,72.0,-3.128878305622454,87.0,6.114208456506884,88,11.801843599914047,92.0,2,0,,
regime|traded,HIGH_VOLATILITY,482,357,-3.129015507350473,-1.0036863873713289,-16.629015507350474,23.969293805224925,-24.84608149943065,0.49437333031386804,0.08099119015828753,-13.005626669686135,40.48574367665625,-41.47298275267572,9.79025977832572,1.540648518949775,-3.70974022167428,61.97002497598879,-53.254303898961886,-15.4974665052359,-2.365892570415351,2580.0,,-11.483582358402066,187.0,28.72830823433433,48.0,-0.8046751279382613,136,10.055809625081316,111.0,2,1,,
regime|traded,LOW_VOLATILITY,1012,646,-0.6188326427480138,-0.8070070213025656,-14.118832642748014,15.313623956345165,-15.96647728177659,-0.5850359030855328,-0.2855067482385336,-14.085035903085533,29.553195832243635,-30.76325439153829,4.180740667384248,1.5063805133343364,-9.319259332615752,44.92793677893443,-43.218826449675355,-12.989724140837831,0.45443610541359347,4798.0,,-4.267348772951171,270.0,-0.6425367372007721,314.0,-0.47344573140637364,261,5.302118000912351,167.0,1,0,,
regime|traded,RANGE,3817,2208,-0.016292911237992848,-0.030366834206417993,-13.516292911237993,18.191820791948444,-18.94063171497526,-0.06566049779312894,-0.06119893172938723,-13.565660497793132,31.537357260190877,-32.954878366229835,0.4767382950198478,0.26174473955683114,-13.023261704980152,45.83472395701306,-46.634043555511084,-13.89653381896982,-0.3787398119019177,24975.0,,-0.4709964541176182,1246.0,-1.7647172997106628,849.0,1.1645933931460282,927,0.949562734292029,795.0,2,0,,
regime|traded,TREND_DOWN,262,130,-4.618898550093432,-0.8887384940920056,-18.11889855009343,30.00794367424939,-35.13408537714653,-5.906998440560916,-1.07438059661135,-19.406998440560915,38.717906337194584,-44.94752083329616,0.963542244767046,0.2344535938290392,-12.536457755232952,45.41834438081199,-48.65032563961874,-15.598616159225546,-2.3684604637955173,1724.0,,-16.96822451882944,80.0,-4.4568538193086,94.0,3.1098084407482944,53,1.8271080495641132,35.0,2,0,,
regime|traded,TREND_UP,266,128,-2.032567662248209,-1.021983052576504,-15.532567662248209,25.399018069500734,-27.295894756139763,-4.746495871602738,-1.858724653956076,-18.24649587160274,43.91758631287597,-47.317540866728564,-9.909725322958296,-2.4889422162881076,-23.409725322958298,66.00225319545898,-75.75717495974767,-13.876373728106268,-0.6433051521293608,1394.0,,-8.711176695743315,27.0,-10.146901826019587,22.0,4.92792554025115,40,-5.722464894549128,173.0,1,0,,
regime|all_signals,BREAKDOWN,539,177,-2.4644018157508016,-0.9655740186461668,-15.9644018157508,23.168288063370184,-22.41749198895291,2.4308028483454724,0.43913552098082564,-11.069197151654524,40.24258190675314,-38.81256225854716,-1.6944314318246612,-0.1902334272819677,-15.194431431824661,54.06197846906632,-54.2935326046236,,,,,5.98992409812822,155.0,9.219300919473328,120.0,-5.159743329143506,155,0.6899872085209211,109.0,3,0,,
regime|all_signals,BREAKOUT,525,163,2.8406604539013864,1.1627223420093473,-10.659339546098613,21.921797029446985,-16.317758282754387,3.1718283756823635,0.7191095666884031,-10.328171624317637,36.609396453396634,-29.999720617013782,11.215070078837243,1.4344998659962915,-2.2849299211627563,55.92606068980456,-45.196629023736584,,,,,-1.1373263094036548,111.0,-1.5719322337565,139.0,2.645694830677228,143,12.360737403654213,132.0,2,0,,
regime|all_signals,HIGH_VOLATILITY,1355,802,-4.435127254080216,-2.292141849090359,-17.935127254080214,23.469047731969866,-26.167065046099875,-1.159533844802948,-0.2977785437717181,-14.659533844802946,40.295820348459316,-42.92570295476921,7.472319148255443,1.506574918230216,-6.027680851744557,61.83987231225422,-55.72824425807483,,,,,-8.588196689571207,432.0,6.172226611631863,278.0,-6.474245392818626,344,8.804631319876137,301.0,2,0,,
regime|all_signals,LOW_VOLATILITY,3233,1353,-0.6074124349120888,-1.3582652602013892,-14.107412434912089,15.417207701484651,-15.861504698577127,0.023247015631883576,0.017104325726950347,-13.476752984368115,29.4142299312953,-30.348267599966785,3.7229605313273413,1.6019265172267878,-9.777039468672658,46.121425271265146,-44.12092456437944,,,,,-2.9044254491202754,648.0,1.401525649302711,1485.0,-1.995205591360831,711,3.3278942900021664,389.0,2,0,,
regime|all_signals,RANGE,10670,3985,0.16028740466020797,0.44314710535422586,-13.33971259533979,18.412909962981608,-18.488413507725635,0.9896020264298354,1.2301686772696874,-12.510397973570164,32.82628023675687,-32.66230316881093,0.8180807634898583,0.6788282526623262,-12.681919236510142,47.30534052825205,-46.93724190416159,,,,,-0.9601898549985636,3113.0,-0.02112732955113325,3065.0,2.256517856757088,2563,4.071754690543892,1863.0,2,0,,
regime|all_signals,TREND_DOWN,888,209,1.1781390297260244,0.3968707421882467,-12.321860970273974,31.852073126021963,-28.253136969159577,3.25095139037744,1.0123524242211042,-10.24904860962256,41.85170136486176,-37.48077569011967,5.4825584551547895,1.6874691948526455,-8.01744154484521,50.973807378849145,-44.1465868970752,,,,,-6.354593092870866,202.0,4.6262497264933895,314.0,4.843380195740051,204,10.29631348431659,168.0,3,0,,
regime|all_signals,TREND_UP,722,168,0.17383764091199885,0.05912473274117775,-13.326162359088,27.692309475870132,-26.784158253287195,1.7581861579299995,0.4336618650004707,-11.741813842069998,52.50783068325208,-50.13817942664195,-13.763900716241436,-2.18749269449608,-27.26390071624143,73.60728118981831,-83.79409666094901,,,,,-11.260229289893156,72.0,-10.55659615683203,77.0,11.752331332792018,210,1.215264971669596,359.0,2,0,,
fam_regime_side|traded,BREAKDOWN,44,44,-2.3333432909674903,-0.5785118533097986,-15.833343290967491,23.31988562098239,-23.021932747143754,6.9309322896635415,0.6303069676553329,-6.569067710336458,43.43324635106169,-37.78603279650148,5.272739778344624,0.3393568174069069,-8.227260221655374,58.70943854462137,-51.17444514871849,-11.12486999996471,1.450291504460909,607.0,,-5.588609505141478,16.0,38.626337057047955,9.0,-17.291434790726157,9,20.236465243056337,10.0,2,2,breakout,SHORT
fam_regime_side|traded,BREAKOUT,46,46,7.453141317716943,1.3543645279439158,-6.046858682283057,28.27864804906618,-17.27052372904248,5.996212923008182,0.7128192028497604,-7.503787076991818,41.71833206878359,-29.9178034443267,21.855344881504102,2.172279520588544,8.355344881504099,65.25932217968672,-44.318921251528955,-10.828681446670858,1.9539398523263025,672.0,,-5.650371992875029,9.0,11.142605106552354,13.0,7.502855098813673,12,7.649251235275581,12.0,3,0,breakout,LONG
fam_regime_side|traded,BREAKDOWN,34,34,-1.9847483727917814,-0.5122929912375953,-15.484748372791781,21.097253510268583,-20.3761179298321,1.188185328853838,0.26166628257552016,-12.311814671146163,34.36253559886826,-35.75773558862641,5.368543534164775,0.510844151298892,-8.131456465835225,48.631748021777845,-44.56731221642963,-17.858885124216126,-4.542234442039561,97.0,,10.828455651811476,18.0,0.1375621411790302,6.0,-14.607666223284873,9,-23.870277389086425,1.0,2,0,hybrid,SHORT
fam_regime_side|traded,BREAKOUT,32,32,-4.894412111064832,-1.29331165020278,-18.39441211106483,16.647698628987563,-18.167554302151306,-4.99086291287528,-0.44193630231841674,-18.490862912875283,33.336074954418365,-39.59767710383998,15.638838022468544,0.9045205405650347,2.1388380224685415,61.41899545613457,-54.447635962664265,-17.648919996340226,-4.033396439119562,63.0,,-9.42659626979322,7.0,-22.560444984972904,13.0,5.602386689027849,8,38.68631299224212,4.0,2,1,hybrid,LONG
fam_regime_side|traded,HIGH_VOLATILITY,62,62,-13.741111121161875,-1.759857917474592,-27.24111112116188,16.549990519770585,-25.95797590895784,-18.872599723406573,-0.9849320472897702,-32.37259972340657,29.487741989887034,-52.18611706288003,-19.19855088373144,-0.7262910351617219,-32.69855088373144,42.71638241896967,-65.86459353839318,-22.096612622741016,-8.800912242593048,152.0,,-55.274970028014266,26.0,-23.513531852928185,6.0,-0.17623270491093462,21,45.758901755318014,9.0,1,1,hybrid,LONG
fam_regime_side|traded,HIGH_VOLATILITY,65,65,3.7902739875726588,0.6689170320157168,-9.70972601242734,27.685955432464493,-26.431285943831067,16.819360525936663,1.3380347695185353,3.3193605259366614,50.94709056096659,-37.6999241609602,41.467739912275235,2.6858793550089994,27.96773991227523,83.26429493711767,-44.02967720106632,-19.070883942107578,-5.9131884046745515,207.0,,13.109579979827144,37.0,73.22639928901513,12.0,-16.90705103349392,16,,,2,1,hybrid,SHORT
fam_regime_side|traded,LOW_VOLATILITY,73,73,-2.7934612214289545,-0.8234958004892552,-16.293461221428956,14.309862180620737,-16.246402669482435,-6.208261485255774,-0.5302675852104546,-19.708261485255775,27.859538401463233,-33.941525692122234,-7.20733340454752,-0.41117512595330585,-20.70733340454752,36.854306849534495,-57.10733775595698,-15.029463956882758,-2.0164213427417184,149.0,,-16.576102804093765,32.0,-1.5314188572590492,14.0,9.312155562460656,23,-28.876878156909868,4.0,1,0,hybrid,LONG
fam_regime_side|traded,LOW_VOLATILITY,87,87,-0.16454560543680163,-0.04841121874294766,-13.664545605436803,17.786471085037554,-16.08766445886554,12.415234843661697,1.250123450387274,-1.0847651563383036,37.85770525788936,-27.13487324579014,7.548698453685239,0.5300094241899643,-5.951301546314761,60.15563210248977,-38.343145209400674,-5.714711256318593,6.427745783168017,186.0,,23.455574993063653,36.0,9.61697258769101,24.0,-2.3932514768025084,24,20.785141662317265,3.0,3,2,hybrid,SHORT
fam_regime_side|traded,RANGE,239,239,-5.652877132789992,-1.7614976391946995,-19.15287713278999,15.407038551672995,-19.455636899920336,-4.774482433545937,-0.753806362643767,-18.274482433545934,27.381084431565753,-35.46705694498119,-6.7613937558999,-0.5054834719602811,-20.261393755899903,40.045718534874155,-51.9773071770434,-14.645788776586484,-1.6522663681225442,551.0,,-18.590201248108375,91.0,1.8153732471840622,63.0,1.5675619004989794,67,18.40065833635311,18.0,3,1,hybrid,LONG
fam_regime_side|traded,RANGE,230,230,-2.4538525273955507,-0.8466768934903106,-15.953852527395552,20.992947736932994,-19.90477441040139,-3.2991336323449847,-0.8111697992270374,-16.799133632344983,33.26187875800919,-34.46708801194072,-0.5723227114276211,-0.05101691987149346,-14.07232271142762,47.06756309236883,-45.569160560451884,-13.647047464872191,-0.5805089697203105,656.0,,5.994827050303955,120.0,-13.320605250498192,48.0,-10.317730151871794,53,-32.439025711411425,9.0,1,0,hybrid,SHORT
fam_regime_side|traded,RANGE,185,185,7.402760570343581,1.8269024604868715,-6.097239429656419,22.46439836490677,-17.26900039842883,14.437598345368968,2.127335435869688,0.9375983453689668,37.64818977196859,-25.240348135478087,21.44499369800425,1.6839356071895157,7.944993698004254,59.67284901491477,-37.77977256447004,-12.106365261270359,1.0970738504054096,767.0,,1.0690951784650686,58.0,27.568388679668733,55.0,1.8614887070109951,39,30.911779896578057,33.0,4,2,market_structure,LONG
fam_regime_side|traded,RANGE,244,244,-4.546917431151067,-0.9282883955282344,-18.046917431151066,17.805061697071874,-22.26760431433762,-7.667547497798933,-1.1430505184559323,-21.16754749779893,30.499842101475377,-40.56729465561765,-11.920854855200618,-1.0328880376114093,-25.420854855200616,41.85062634419385,-54.68489138646773,-15.370447068701225,-1.8957347803701534,928.0,,0.7544114594784851,116.0,-30.7418089653202,60.0,4.608872855499881,42,-11.825286183624117,26.0,2,0,market_structure,SHORT
fam_regime_side|traded,TREND_DOWN,36,36,-2.693271784755073,-0.26200420059403423,-16.193271784755073,35.112687542946354,-34.24236733175835,-1.294956956690883,-0.13045675719031982,-14.79495695669088,45.57081517229327,-44.571188618437766,6.032161833957698,0.5435950972092439,-7.467838166042302,49.637331197227454,-46.876810040612455,-13.92224209763695,-0.7445800995280971,146.0,,-22.955181589537652,13.0,8.773763660977776,19.0,-2.555148624479031,1,29.217516429672997,3.0,2,1,market_structure,SHORT
fam_regime_side|traded,LOW_VOLATILITY,183,183,-2.797774916714402,-0.8974916045169619,-16.297774916714403,14.837503586985,-19.917739543773003,-8.794299174086756,-1.1315696924922296,-22.29429917408676,28.950659955152833,-37.34289726580178,-1.2805426287819088,-0.14831942317120766,-14.780542628781909,41.04126203015076,-53.171675666756734,-14.741339836544444,-0.719230137775954,1374.0,,-24.49727975073951,32.0,-11.582418228369916,71.0,-1.8215345556392861,35,1.3480357072761522,45.0,1,0,mean_reversion,LONG
fam_regime_side|traded,LOW_VOLATILITY,130,130,-0.9750230991754522,-0.42927591946753174,-14.475023099175452,13.054650951884492,-15.70288182534432,-1.0180272749006265,-0.1955779141006876,-14.518027274900627,23.822882830193087,-27.51458038085116,3.8656783652440723,0.4395344737535783,-9.63432163475593,38.82349164353306,-35.603762385881076,-12.916602785564114,0.9829045055968225,930.0,,-0.6065833731396322,32.0,3.825768689583755,45.0,-2.8017632937485515,42,-15.219855499131183,11.0,1,0,mean_reversion,SHORT
fam_regime_side|traded,RANGE,391,391,3.313954975162941,1.542149181302553,-10.18604502483706,19.988565041762868,-18.82412206098047,3.147733315707669,0.7499607052454969,-10.352266684292331,34.47015382972533,-32.88030507897458,5.8112595046013436,0.7234899661683987,-7.688740495398655,50.97534538508711,-45.56660597798331,-12.982198810875452,0.8188887256192817,4240.0,,-3.845240909846829,93.0,15.783495584244516,79.0,-1.7106374104399724,116,5.241834170030811,103.0,2,1,mean_reversion,LONG
fam_regime_side|traded,RANGE,529,529,1.2004390548740365,0.7245507591850027,-12.299560945125963,16.951938786082398,-18.942402929399478,-1.2605680526748526,-0.36673031170392356,-14.760568052674854,29.37540521095964,-32.734127167348234,-2.3187107651407204,-0.3537692576849165,-15.818710765140723,41.46239045602396,-46.47066497373192,-14.483693666881086,-0.5841923189257116,5431.0,,10.049811891579413,95.0,-9.375427285308366,160.0,1.6652103602697816,163,-3.539941915672767,111.0,2,0,mean_reversion,SHORT
fam_regime_side|traded,BREAKDOWN,143,143,-2.9133068854943027,-1.3129664735032527,-16.4133068854943,20.79325624855475,-20.944760992831736,-1.6113971354727845,-0.34987905545824644,-15.111397135472785,34.880003740835065,-37.612801248819835,-5.728014245943277,-0.7330069964525502,-19.228014245943278,47.34020657680375,-53.00668234546041,-15.326734037148912,-2.275940642107446,2535.0,,5.1082376956287305,36.0,-4.316630702174399,30.0,-3.3945003407175434,44,-4.105133677528445,33.0,1,0,momentum,SHORT
fam_regime_side|traded,BREAKOUT,144,144,1.5740810543562407,0.6678443854051203,-11.925918945643758,20.162174534825052,-15.886137336258024,0.7650232443112684,0.14916933577910454,-12.73497675568873,34.10645462997464,-30.074325223325836,7.8149445486946,0.8954858918261818,-5.6850554513054,50.309112607154916,-43.61032131235552,-13.47211069489263,-0.5891266676882859,2325.0,,-6.111968238132044,28.0,-5.148184822997904,41.0,6.4724606105650135,37,6.655078763171804,38.0,2,0,momentum,LONG
fam_regime_side|traded,TREND_DOWN,54,54,-3.0002746487316156,-0.26358068145197894,-16.500274648731615,31.84708331769109,-34.69439882233977,-7.327445043332286,-0.616091427706337,-20.827445043332297,40.15674825665157,-44.54888787408127,8.192243595350984,0.9367088896012412,-5.307756404649018,46.98235028183727,-46.84601409380922,-16.900141843879343,-3.8665417197044842,256.0,,-43.06078299107204,13.0,-2.935016577677492,24.0,13.231380626360446,11,14.833892919714671,6.0,2,1,momentum,SHORT
fam_regime_side|traded,TREND_UP,57,57,-0.09321584222917335,-0.016736658115813034,-13.593215842229172,27.26629316502981,-27.303958710792006,2.395175471290935,0.19823882484723973,-11.104824528709063,51.60999926486725,-42.51297062687988,-17.67222670067854,-2.3181118396991933,-31.17222670067854,66.72359564502655,-73.7761030119506,-16.861456408854295,-3.906903993692188,214.0,,-40.123255921550026,4.0,-19.163028141984487,3.0,55.04953163021287,5,1.9293612430820475,44.0,2,1,momentum,LONG
fam_regime_side|traded,BREAKDOWN,42,42,2.8184873209008954,0.638958056952256,-10.681512679099106,22.20202531740973,-20.517361177631614,2.0357358855821994,0.30865140123014273,-11.464264114417801,34.50882113172607,-34.54500719059659,-6.867764517242289,-0.74907999524214,-20.36776451724229,43.211184922004065,-51.53569666077549,-14.783049377090224,-1.5938200478719688,399.0,,-9.069879702852985,14.0,35.81929669648521,5.0,-7.027972461086883,10,7.974035704833613,13.0,2,1,order_flow,SHORT
fam_regime_side|traded,BREAKOUT,46,46,7.296019599428814,1.319803888580657,-6.203980400571188,27.236900786154845,-17.016752833639814,14.141804276850626,1.764386663873399,0.6418042768506279,42.77550504965709,-27.040320826466704,32.084443098176486,2.942779382108164,18.584443098176482,72.85515629455337,-38.85590467630576,-7.130644825114478,5.3800257568537555,639.0,,23.475997644002593,7.0,7.420696627432512,11.0,10.137360302602945,13,18.18517775943433,15.0,4,2,order_flow,LONG
fam_regime_side|traded,HIGH_VOLATILITY,63,63,-3.6004649226152443,-0.7938275408980893,-17.100464922615245,22.54830826796034,-23.267102921534427,8.929949952551883,0.8546513499553818,-4.570050047448117,45.37810726358528,-37.10868954934299,11.641927439589374,0.7941463862778305,-1.8580725604106287,64.48655137392754,-48.91097546051086,-14.79997822835594,-1.4582974320006508,540.0,,-24.501736422632316,10.0,-6.135464559124531,8.0,7.106370430586334,15,25.003079041709768,30.0,2,1,order_flow,LONG
fam_regime_side|traded,HIGH_VOLATILITY,64,64,8.53151916232411,1.2049400401518007,-4.968480837675889,32.66227946700069,-22.05377150738569,15.668491004654296,1.5848645155846182,2.168491004654297,48.829961452396546,-34.331562911597146,31.585582446965017,2.2792755342541327,18.085582446965013,73.26259848610627,-41.818683687990315,-7.567896790625738,5.276704956322874,296.0,,7.267821667913397,18.0,47.280446769798665,12.0,10.024696698243563,23,6.729931725295265,11.0,4,1,order_flow,SHORT
fam_regime_side|traded,BREAKDOWN,56,56,-5.0429108111968635,-1.5160377750932488,-18.54291081119686,20.093643284670865,-21.418797251468924,-6.892116315586319,-1.0967100308876205,-20.392116315586318,32.49630496233673,-40.86540664792189,-16.335611200210202,-2.3861746970832294,-29.835611200210202,41.977992323384406,-54.25217595119067,-14.082735047050578,-0.6676706483138296,238.0,,-1.7898736518134222,25.0,0.149668998170038,6.0,-2.314375885928977,16,-33.89774135462832,9.0,1,0,scalping,SHORT
fam_regime_side|traded,BREAKOUT,66,66,2.3874353026912583,0.7288485262274506,-11.112564697308743,21.670002390127586,-16.495126715887015,3.4588506748571093,0.6212799212896695,-10.04114932514289,35.99973974078001,-27.788749348139536,12.896802601709691,1.5179684965603844,-0.6031973982903117,55.272735043775995,-42.38316940772084,-11.049718185139074,2.0777848892314696,215.0,,-1.1663354506215766,21.0,-9.247480655016904,6.0,2.5176369510157715,17,12.066465671202529,22.0,2,0,scalping,LONG
fam_regime_side|traded,HIGH_VOLATILITY,91,91,-9.608415313112873,-2.6859161880635383,-23.10841531311287,19.36893242017279,-24.562040664824842,-14.310221361133737,-1.51837634673718,-27.810221361133735,32.98025837257387,-45.35342539364036,-19.715919457524198,-1.1766802451695322,-33.2159194575242,43.431652989152035,-64.79932686317804,-14.210936202044675,-1.1858900435773454,537.0,,-40.61287010341604,36.0,,,-10.910317223783483,26,15.293152678557858,29.0,1,1,scalping,LONG
fam_regime_side|traded,HIGH_VOLATILITY,91,91,-0.7559902668101887,-0.2405652219872764,-14.255990266810189,24.702224557471318,-25.16258204229147,1.1671202706211792,0.21551961079896703,-12.332879729378819,39.91541947437483,-40.43108370622284,19.712268228127154,1.9362343798820034,6.212268228127153,69.42103746424735,-50.15768610419759,-14.167650130907345,-1.1214720386468213,397.0,,9.16669804796537,50.0,,,4.281816768948045,19,-19.703703471897906,22.0,2,0,scalping,SHORT
fam_regime_side|traded,LOW_VOLATILITY,99,99,1.9453336008253683,0.7789680574672619,-11.554666399174632,15.479631062454652,-12.127292750100167,-7.001920061222666,-0.917422954728292,-20.501920061222663,26.708489629071615,-32.421079909359854,-3.96681286001819,-0.35384657897469995,-17.46681286001819,37.746116527112704,-48.52281927348698,-12.112763250861555,0.8441346649862845,337.0,,-11.38208178534664,36.0,-6.355569958557229,22.0,4.560995732613148,24,-14.886852957824797,17.0,1,0,scalping,LONG
fam_regime_side|traded,LOW_VOLATILITY,114,114,2.989978665875393,0.7991513877540484,-10.510021334124609,18.53120133764639,-14.092805333088922,12.161612466504215,1.3201084160926342,-1.3383875334957853,37.66241877559035,-25.272093173337392,10.088093502000401,0.9728814366454088,-3.4119064979996008,56.89899811451494,-33.02606886579231,-12.845553923027554,0.28363452530996913,487.0,,20.511188176275645,40.0,11.60740470948312,32.0,2.1710562327736014,24,7.9129996578015795,18.0,4,1,scalping,SHORT
fam_regime_side|traded,RANGE,351,351,-2.2737697445291163,-1.3158650071872133,-15.773769744529117,16.979874619986145,-17.22902497004379,-2.3371731894707906,-0.6576110474032875,-15.83717318947079,29.816536444922534,-31.600100666536214,-8.152615046886257,-1.1598517919312117,-21.652615046886257,39.930015576182356,-47.33741170569222,-12.25956538397301,0.5772459374979464,1505.0,,-6.983749260196655,172.0,-5.799780399051616,23.0,2.6988357509598235,90,4.111466891536066,66.0,2,0,scalping,LONG
fam_regime_side|traded,RANGE,337,337,-0.9058748070813144,-0.5018923497274971,-14.405874807081315,18.842407812867883,-18.57734238967607,1.4899267502194646,0.4889075338263494,-12.010073249780536,33.651595912455214,-30.8543525920526,3.2252508695987085,0.46264372472901083,-10.274749130401291,48.00472213911903,-45.530130547951686,-12.303220891909213,0.7907212275482718,1848.0,,5.909860723084031,182.0,2.3780071972112107,22.0,-3.124044387925185,80,-7.0921121524899275,53.0,2,0,scalping,SHORT
fam_regime_side|traded,TREND_UP,50,50,-5.696646868065169,-1.06504086336947,-19.196646868065173,22.19572051345717,-24.845907232843636,-18.284407959952695,-3.144738297606352,-31.784407959952702,35.47902798657576,-46.14863600116833,-38.50701936102745,-2.211726107418764,-52.00701936102746,47.74025753655428,-85.25883485201881,-27.72576125214979,-13.658987641706876,272.0,,-37.07381435883872,5.0,,,15.27636052719314,8,-23.484160209723576,36.0,1,1,trend_following,LONG
fam_regime_side|traded,LOW_VOLATILITY,161,161,-0.7439565859627794,-0.3126782849459003,-14.24395658596278,16.42523034994811,-16.897773119973824,-3.2357659023143004,-0.3576514397185479,-16.735765902314302,31.133667168783116,-34.30725259953783,9.757209406870496,0.8501403759053963,-3.742790593129506,49.22909967041116,-48.37146826723247,-14.16004519574942,-0.4508456042607598,735.0,,-25.291239230378576,35.0,-1.6312527031668569,48.0,-7.079753347990419,30,13.644329020466026,48.0,1,1,vwap,LONG
fam_regime_side|traded,LOW_VOLATILITY,165,165,-1.1087470849916892,-0.4844179704443809,-14.608747084991691,13.354389248837228,-14.29343375764444,2.12391632030102,0.37596946538996595,-11.37608367969898,25.668759720605014,-25.873510580988064,9.11436570574047,1.071777013306467,-4.385634294259529,41.43228117573984,-33.43830285265308,-13.521954815688877,0.05089828857879323,600.0,,-6.975006239528574,27.0,1.4785139264793665,58.0,-0.8145721582229458,59,23.86082432934716,21.0,2,1,vwap,SHORT
fam_regime_side|traded,RANGE,592,592,2.0704506644407674,1.0695218346155169,-11.429549335559233,20.0910752671923,-19.220612926191663,2.307816851645059,0.508994607416357,-11.19218314835494,33.95352541949758,-33.975658068605746,7.448455262647691,1.0234781805021358,-6.051544737352309,50.921148071442936,-45.08695817772795,-14.99461434250573,-1.2181639560234874,3851.0,,-5.811232780902628,202.0,14.98243043725158,92.0,4.01945991809214,123,3.8132538729355843,175.0,3,1,vwap,LONG
fam_regime_side|traded,RANGE,719,719,-0.6397102042005864,-0.4248514301875768,-14.139710204200584,15.911436002827788,-18.599468036957177,-1.0607879214466702,-0.29642871382001,-14.560787921446671,29.002511990347735,-32.046085227776686,-1.6469361444473918,-0.1913251148154463,-15.146936144447391,43.24944370829025,-46.90438230765798,-14.394743015912661,-0.5795849564845958,5198.0,,8.019681657016497,117.0,-6.838501556110067,247.0,4.512076760175828,154,-3.5162149557163005,201.0,2,0,vwap,SHORT
fam_regime_side|traded,TREND_DOWN,81,81,-0.6146750320800022,-0.08839319184541264,-14.114675032080001,28.907880214792403,-33.71198813227608,-9.166937183191873,-1.1238641743397308,-22.666937183191873,37.387450525367385,-45.09472151532418,-12.896620628984808,-1.7137989643374507,-26.39662062898481,39.21779007864503,-50.922780045965816,-18.40908471899469,-4.652049305414615,929.0,,13.477342137465312,23.0,-17.31585157372935,31.0,-18.427165412121187,13,-19.725445132647053,14.0,1,0,vwap,LONG
fam_regime_side|traded,TREND_UP,84,84,-2.049978772317876,-0.3535024249553716,-15.549978772317875,24.489315286374886,-29.094062883475534,-8.654001078445669,-0.7332873748541772,-22.154001078445667,40.109143576537726,-54.53078087008851,17.74577327656708,2.1944336714575963,4.24577327656708,75.18249963154985,-71.58984893442559,-4.471353709012531,8.77515526593144,654.0,,21.583695943547145,10.0,20.970413420307725,8.0,-67.64807512697735,10,-7.994328163427884,55.0,2,2,vwap,SHORT
fam_regime_side|all_signals,BREAKDOWN,47,47,-2.1784789021600637,-0.49548660362063085,-15.678478902160064,24.11168589132938,-23.093642208110317,8.057278908670877,0.7029665058116011,-5.4427210913291235,45.10794687246711,-38.073809788214525,5.021794480911952,0.3190306845934305,-8.478205519088048,59.40906296856552,-52.55451333837363,,,,,-5.8594960000420375,17.0,45.86553974533314,10.0,-17.291434790726157,9,15.933732397404537,11.0,2,2,breakout,SHORT
fam_regime_side|all_signals,BREAKOUT,53,53,6.110410260233928,1.2309004600798252,-7.389589739766072,27.240203596131515,-17.627638104703642,4.20932707043058,0.5426628684066191,-9.290672929569421,40.44877090521272,-31.014071827124546,18.238414865004422,1.6747041926949102,4.738414865004425,65.08601749056173,-47.156244878299866,,,,,-3.197923009573112,10.0,11.142605106552354,13.0,-2.021544124943821,15,9.369524021168564,15.0,2,0,breakout,LONG
fam_regime_side|all_signals,HIGH_VOLATILITY,32,32,-12.717971118602932,-2.0814695009682107,-26.21797111860294,19.93225469857321,-30.471914191861558,-3.451852011289759,-0.38797173632429305,-16.95185201128976,33.81212309136461,-46.02222584097741,-3.008063123334133,-0.173897853906663,-16.508063123334132,50.7502020514438,-60.46143220809042,,,,,-36.69421059544847,4.0,-32.32259588743264,4.0,-4.151553188744494,10,14.794535246978366,14.0,1,1,breakout,LONG
fam_regime_side|all_signals,BREAKDOWN,132,132,-1.592845138265253,-0.5513225669054473,-15.092845138265254,23.91201011401638,-21.494194821637628,3.6559378015594985,0.6248024159181976,-9.844062198440502,40.681367363987405,-37.863011101842375,1.9765488859062699,0.18924228459902015,-11.523451114093728,57.063566932538514,-54.31851135595072,,,,,10.325094100878065,41.0,6.166989503630607,31.0,-6.447283331777278,42,7.714675388441677,18.0,3,0,hybrid,SHORT
fam_regime_side|all_signals,BREAKOUT,116,116,2.8045827843676765,1.0001831732805229,-10.695417215632325,21.732266538944646,-15.481093152240094,3.613083864833039,0.6864371120735189,-9.886916135166961,38.319045223254975,-30.02924883872111,12.407293546718082,1.2397628668716365,-1.09270645328192,57.83159697142589,-45.28128982113247,,,,,-2.1849194527413145,30.0,-3.8715310158419487,34.0,2.8716955450415513,31,25.108324025962393,21.0,2,1,hybrid,LONG
fam_regime_side|all_signals,HIGH_VOLATILITY,301,301,-12.079596852587331,-3.601259214227189,-25.579596852587333,18.106874402772657,-27.891872531785086,-15.735820698130846,-2.0364564328208568,-29.235820698130844,31.479141316559335,-47.88857343610087,-20.735567543817137,-1.6416961665383214,-34.23556754381714,44.41546573777551,-66.7517713196074,,,,,-47.79699113913045,77.0,-21.19140448490286,71.0,-10.19881110829648,77,16.234006070297262,76.0,1,1,hybrid,LONG
fam_regime_side|all_signals,HIGH_VOLATILITY,287,287,0.3692736500661749,0.10648908768842817,-13.130726349933827,27.96206157449489,-26.569584917828283,10.937119881901584,1.5463491577757627,-2.5628801180984153,47.70049196078743,-39.758054867865575,36.397353672896806,3.3892599920688204,22.897353672896802,81.18644505150098,-46.93805359956965,,,,,12.321596095846818,123.0,29.92952920129225,66.0,-16.296935222563764,70,28.172629450384672,28.0,3,2,hybrid,SHORT
fam_regime_side|all_signals,LOW_VOLATILITY,351,351,-2.039627551459798,-0.8668579682095346,-15.5396275514598,13.686261094798265,-16.431234132267626,-4.559023727162983,-0.6473842995199744,-18.059023727162984,26.419769814549824,-32.350339092458654,-6.948973772584348,-0.5610422815364524,-20.448973772584353,38.87105502190854,-50.31708458298562,,,,,3.591704168891858,98.0,-8.09469314356801,151.0,-2.080860453325103,77,-22.787176688032268,25.0,1,0,hybrid,LONG
fam_regime_side|all_signals,LOW_VOLATILITY,455,455,1.704778322791473,0.6776608333662311,-11.795221677208527,18.128742389404305,-15.60414816306027,7.26695571752354,1.0480065932713292,-6.233044282476459,35.96941614174114,-27.989029187731504,4.373757052122688,0.3775461580616242,-9.126242947877312,56.63039763702822,-42.24924557804484,,,,,11.469998668456656,104.0,9.594359429955965,217.0,0.6103620488700324,99,-0.8233385481388418,35.0,3,0,hybrid,SHORT
fam_regime_side|all_signals,RANGE,1235,1235,1.5624943063867678,0.8567601233595523,-11.937505693613232,19.866930474494254,-16.215207179735383,5.614430443122302,1.1918230042588114,-7.885569556877698,36.59118366570344,-28.99468932809488,8.831880278287253,1.0450709726675158,-4.668119721712749,54.052413244056936,-42.78513714165321,,,,,-6.046751366972905,379.0,7.0200948266076875,397.0,11.97916008672972,336,19.62247910597022,123.0,3,1,hybrid,LONG
fam_regime_side|all_signals,RANGE,1080,1080,-1.8477998665007538,-1.0190368782655779,-15.34779986650075,18.25018436350317,-18.838821049610353,-1.8999664842289936,-0.46170274246070275,-15.399966484228996,32.68621432358439,-34.01808945704994,-4.387534348347294,-0.6351436801477152,-17.887534348347295,43.959762608378156,-50.55296873546049,,,,,1.1275426695019015,350.0,-8.109520770037378,298.0,-3.0216174808111553,311,8.185453279506723,113.0,2,0,hybrid,SHORT
fam_regime_side|all_signals,TREND_DOWN,108,108,5.912410412003379,0.6884494081836916,-7.587589587996621,41.00571100091578,-27.601095078878515,9.74209248832158,0.8830471561577737,-3.7579075116784173,53.38442027677943,-37.396408935382055,22.22956217460017,1.7275908959816209,8.729562174600174,65.52568783349727,-39.22137871659102,,,,,-15.273243689515324,31.0,15.967482497869103,42.0,19.310750348096484,20,31.25115141608492,15.0,3,3,hybrid,SHORT
fam_regime_side|all_signals,TREND_UP,76,76,-7.49827653611409,-0.834784814077955,-20.99827653611409,23.436599248305896,-31.242690762737425,8.132225637037484,0.5088065950913631,-5.367774362962518,56.80228649382598,-50.3730691491078,-8.050015253295719,-0.4279522150383629,-21.55001525329572,79.73497593035144,-84.08116814330877,,,,,,,-48.78284205827477,14.0,27.081136030873722,25,16.864338823212226,37.0,2,2,hybrid,LONG
fam_regime_side|all_signals,RANGE,589,589,5.37159426626475,1.9180277766241838,-8.12840573373525,21.346442954662997,-16.278246602147217,13.17950459872267,2.2508598425406237,-0.3204954012773327,38.13505106465402,-25.99396439670482,14.969873649816057,1.5738100889984363,1.4698736498160583,58.303671243687205,-37.9808894054539,,,,,7.88059708263021,154.0,8.831330190309501,242.0,23.17674851098264,126,22.401280831593407,66.0,4,2,market_structure,LONG
fam_regime_side|all_signals,RANGE,606,606,-5.91926349197395,-1.6433561198486857,-19.41926349197395,15.699776286115858,-22.56843217712234,-10.524634463802817,-2.1303678154696284,-24.024634463802816,26.971246846244558,-39.819647542572426,-17.131609452888036,-2.1062163214518654,-30.631609452888032,37.241367478674896,-55.72092163442813,,,,,-2.8843845358597737,223.0,-25.350613606547547,171.0,-8.238278286111518,152,-2.458958455986594,60.0,0,0,market_structure,SHORT
fam_regime_side|all_signals,TREND_DOWN,121,121,1.7214682039069957,0.22803076553501803,-11.778531796093006,33.58862663159774,-28.259226413684246,6.646056988122967,0.8457766809163569,-6.853943011877032,45.573806981964864,-37.57366609411544,6.431428204102674,0.7847461069464423,-7.068571795897326,47.88540932865539,-39.5748485741944,,,,,-10.44961938985875,40.0,11.35953374786719,62.0,-2.555148624479031,1,28.912318189663456,18.0,2,1,market_structure,SHORT
fam_regime_side|all_signals,TREND_UP,54,54,-0.2459281350846868,-0.022248874448917235,-13.745928135084686,24.825369950350645,-23.90950857426164,20.056768533288576,0.899421467527313,6.556768533288575,55.27900492275761,-36.15934379736775,2.8343806993729466,0.11606690760545725,-10.665619300627052,81.6069813489035,-72.5055075804445,,,,,-23.631900133836844,16.0,-94.16666666666629,1.0,76.3633144824086,15,19.786918820973693,21.0,2,2,market_structure,LONG
fam_regime_side|all_signals,LOW_VOLATILITY,314,314,-2.196696726463542,-0.6752471640373167,-15.696696726463543,15.616825996145035,-19.20739648838392,-5.856431936690961,-0.7436308797521676,-19.356431936690964,29.75295354680045,-36.049440460713406,2.1297420518159615,0.219962363357915,-11.370257948184037,42.38494309511808,-52.977917816852646,,,,,-11.271135137245844,59.0,-10.581257282950043,125.0,-1.3426074939896488,68,3.871480886074102,62.0,1,0,mean_reversion,LONG
fam_regime_side|all_signals,LOW_VOLATILITY,285,285,-0.3327885392012558,-0.1438708580884556,-13.832788539201257,14.821624740598939,-15.404310099268478,0.46542001196275734,0.08399699927096897,-13.03457998803724,26.979064665682607,-27.760786563323002,6.32141643608872,0.6600341753318203,-7.178583563911278,42.61884167465876,-36.59492517847581,,,,,-10.63126597810602,48.0,3.652413015169668,142.0,0.3608329268685251,71,4.111820183196521,24.0,3,0,mean_reversion,SHORT
fam_regime_side|all_signals,RANGE,677,677,2.842551736666397,1.4414219385368658,-10.657448263333604,20.049600017911942,-18.94382539454947,2.8686139146167964,0.6894630656893826,-10.631386085383204,35.37708333873562,-34.067448301849524,5.399396551433045,0.7693794843251451,-8.100603448566956,52.31203075894177,-45.01323321556907,,,,,-2.9383991057785583,174.0,8.630341031806704,158.0,-0.837780079769415,189,8.067158368979007,154.0,2,0,mean_reversion,LONG
fam_regime_side|all_signals,RANGE,931,931,0.8242456286896883,0.49701828858491975,-12.675754371310312,17.521455676711284,-18.632423065840243,-2.6827060854848135,-0.7203446404866213,-16.182706085484813,29.686583432675842,-33.24062706890292,-4.375471117778031,-0.6716472855089062,-17.87547111777803,42.37217106435577,-48.64527350978306,,,,,8.73682625967444,183.0,-8.146112681327406,323.0,-4.042166465379855,253,-2.5684673739305115,165.0,1,0,mean_reversion,SHORT
fam_regime_side|all_signals,BREAKDOWN,173,173,-1.7011890267102727,-0.6857920404011973,-15.20118902671027,22.905420549182306,-21.5706738082731,2.4403306034854433,0.45523441651043095,-11.059669396514558,39.65754127664414,-37.26744376149649,-2.603911656533611,-0.2977094390128862,-16.10391165653361,53.2145292922436,-53.850231823532525,,,,,10.28412181723216,44.0,1.2758599784713502,40.0,1.3722801682158883,50,-3.8454505924328655,39.0,3,0,momentum,SHORT
fam_regime_side|all_signals,BREAKOUT,163,163,1.4228335496468616,0.6512129866165453,-12.077166450353138,20.09363967070504,-15.828150028020403,0.997874826884973,0.2353765755973534,-12.502125173115028,33.93580881843699,-29.884376744936077,6.969390491365687,0.93186000285486,-6.530609508634312,50.41075789325754,-44.418112461228574,,,,,-3.9397343399483837,34.0,-2.9904420456179146,43.0,3.069194961740796,43,6.819027649935159,43.0,2,0,momentum,LONG
fam_regime_side|all_signals,TREND_DOWN,206,206,3.501694479006578,0.6164389535178544,-9.998305520993425,32.97257207229313,-25.983862705986557,8.769586538635549,1.2066890585890018,-4.73041346136445,44.33692360165467,-33.77820668898415,13.387258936422755,1.5954884404206602,-0.11274106357724654,56.462030044967825,-36.955154223045014,,,,,-10.331169552820652,41.0,10.991416811535727,76.0,12.809882893571855,49,19.17702097907084,40.0,3,1,momentum,SHORT
fam_regime_side|all_signals,TREND_UP,165,165,-1.7932840754628239,-0.29709499737952,-15.293284075462823,27.782583969595812,-27.395832208208837,-9.471212011526854,-1.1099846722289644,-22.971212011526852,47.89169523265138,-55.71753054443424,-36.75995742800797,-2.5861064953146067,-50.259957428007965,61.362395130274166,-95.26052964367601,,,,,-22.956375336906714,15.0,-50.565936913050884,16.0,-2.527292461796356,47,-3.313188054234298,86.0,0,0,momentum,LONG
fam_regime_side|all_signals,BREAKDOWN,60,60,0.4542621134612238,0.10011364396311456,-13.045737886538777,27.47867614322737,-23.137867554940996,7.253249450940171,0.8851410166186616,-6.246750549059828,44.474129925567475,-37.694312978819724,1.1732376702807135,0.11832496966059798,-12.326762329719285,53.7567936214,-50.87435804370011,,,,,1.8025082000234467,21.0,30.98803524071288,12.0,-5.5840422996766845,14,7.974035704833613,13.0,3,1,order_flow,SHORT
fam_regime_side|all_signals,BREAKOUT,61,61,4.200290665232663,1.0943008596344006,-9.29970933476734,23.54639820618006,-17.970003257007573,5.692782719273022,1.1601615374127425,-7.807217280726978,36.6416642458443,-30.108594410897663,15.574641155960931,1.8094455305177237,2.0746411559609306,60.538122178191145,-45.71507658724692,,,,,11.240516015253798,11.0,3.0844778418479386,14.0,-3.688260269422152,20,15.88728658190215,16.0,3,1,order_flow,LONG
fam_regime_side|all_signals,HIGH_VOLATILITY,122,122,-8.896431309886271,-2.7847380241779853,-22.396431309886275,20.90749527774363,-28.090419997745713,-4.24129338120577,-0.5474440214376317,-17.741293381205768,39.39205264373038,-44.31390748787666,-2.6524106884660954,-0.21532316629675563,-16.152410688466095,57.34210757158392,-59.50368660094834,,,,,-22.0960088338112,28.0,-21.90674715932884,23.0,-5.26856980156789,25,16.017823577029798,46.0,1,1,order_flow,LONG
fam_regime_side|all_signals,HIGH_VOLATILITY,144,144,6.7574362812880615,1.5868134031068346,-6.7425637187119385,30.620382864450406,-22.089722191462418,14.565572888224485,1.897051348843134,1.0655728882244848,51.21256319803815,-36.99222491320924,32.048110031890275,2.708697848194538,18.54811003189027,77.04646012403356,-43.80149646079471,,,,,12.594974467685963,49.0,46.14756023469374,28.0,7.16712034741648,47,-7.434879795614305,20.0,3,1,order_flow,SHORT
fam_regime_side|all_signals,TREND_DOWN,54,54,-0.4526172603979009,-0.047800358642394576,-13.9526172603979,33.95814458322248,-33.94196541679565,0.944792523348744,0.09156869094414405,-12.555207476651255,44.11488236272041,-42.36521327515084,7.40487918275408,0.6890586566005001,-6.09512081724592,49.966019512465856,-44.756715946715566,,,,,-32.03107738962091,11.0,3.3473863404162945,23.0,15.062774959240244,12,18.202182775775565,8.0,3,2,order_flow,SHORT
fam_regime_side|all_signals,TREND_UP,35,35,0.6378071509584817,0.07273753832673402,-12.862192849041518,31.88674301185048,-29.56413335250588,-6.4573171695617235,-0.4070619768703406,-19.957317169561723,50.79020480650196,-56.02473501435641,-35.538890004125136,-3.2315716225666833,-49.038890004125136,65.01343082496153,-96.0374943058838,,,,,-21.681522524692465,1.0,-52.24459485671422,7.0,17.430189452884754,9,0.2508822506149444,18.0,2,1,order_flow,LONG
fam_regime_side|all_signals,BREAKDOWN,116,116,-5.804967024196667,-2.0756254714975304,-19.304967024196664,20.563689495951067,-23.751878029728484,-0.8522638519360075,-0.14473427622408208,-14.352263851936005,37.59587425828791,-39.9224259751114,-4.072774922223643,-0.42874150892395513,-17.57277492222364,51.93124419441864,-53.992128512724996,,,,,5.878747980327615,30.0,4.745189936760409,25.0,-9.152405333509252,35,-2.8277156915612176,26.0,2,0,scalping,SHORT
fam_regime_side|all_signals,BREAKOUT,120,120,3.796325865645785,1.472617118617463,-9.703674134354214,22.06098690773567,-15.195108150560763,3.438742014128859,0.7165891905846602,-10.061257985871142,36.94675658551678,-29.014749013293066,11.844540155391815,1.398959861901651,-1.655459844608185,55.48923844318628,-43.78750209718312,,,,,0.018520102590491163,25.0,-6.025338881303707,29.0,8.951611766563094,32,8.837332063484979,34.0,3,0,scalping,LONG
fam_regime_side|all_signals,HIGH_VOLATILITY,219,219,-10.595347162381877,-3.5734772052853088,-24.095347162381877,17.64699535355567,-26.619030177757406,-13.409227436917671,-2.160089076003078,-26.909227436917668,30.800878780044147,-47.276062167460395,-20.68587316371237,-2.036146413449586,-34.185873163712365,41.38939494019682,-65.48685907389893,,,,,-31.88331581078918,64.0,-22.55836514987965,36.0,-13.699835430964795,58,11.64922956716661,61.0,1,0,scalping,LONG
fam_regime_side|all_signals,HIGH_VOLATILITY,214,214,1.1609239726387353,0.4466074169123171,-12.339076027361266,25.802725631526684,-23.909760845348806,5.425565154598502,0.926024752974638,-8.074434845401496,43.87678144233912,-38.73693512470798,23.608146392709607,2.485869085848382,10.108146392709605,72.05099682905076,-48.418391579702174,,,,,8.830984580624127,76.0,23.82623452524542,41.0,4.5046084610343895,46,-13.611205682078403,51.0,3,1,scalping,SHORT
fam_regime_side|all_signals,LOW_VOLATILITY,246,246,-1.4081345336005977,-0.6165273452459719,-14.908134533600599,14.366774042442158,-14.828962062955863,-7.115067003677005,-1.2342224392284393,-20.615067003677005,25.972169505782382,-33.986487839471586,-6.42216658391599,-0.7152747411871136,-19.922166583915992,37.85016381255663,-49.3297650924946,,,,,-5.54494069407704,51.0,-7.037967224701614,87.0,-4.341088382645386,59,-12.226268252683592,49.0,0,0,scalping,LONG
fam_regime_side|all_signals,LOW_VOLATILITY,293,293,1.6094650393648966,0.5750931569598546,-11.890534960635103,17.22297425861742,-14.417528030956555,7.252270078358763,1.2339981868096634,-6.247729921641238,33.80715129515846,-26.315321248435183,6.67144965495654,0.8156997082045243,-6.828550345043461,52.032248813313295,-37.867337283104476,,,,,8.409115302128178,57.0,9.984525507159068,115.0,5.561849030377649,57,2.817964573171763,64.0,4,0,scalping,SHORT
fam_regime_side|all_signals,RANGE,917,917,0.4052294786499376,0.320029035843993,-13.094770521350064,19.10348139652348,-17.01980062477286,3.0214441448991805,1.0886154087669755,-10.47855585510082,34.28776494428907,-29.837107487097494,2.2884953568207247,0.42617930231011303,-11.211504643179275,48.51049806941072,-43.29220707064882,,,,,-4.135443471749118,250.0,11.783761627654172,243.0,2.5368554313935228,216,1.8482414426314941,193.0,3,0,scalping,LONG
fam_regime_side|all_signals,RANGE,826,826,-1.8308124034347897,-1.3763095291242176,-15.33081240343479,17.77643799992923,-18.807195131314256,-0.7077271030194511,-0.2404088064264034,-14.207727103019451,31.54482213909897,-32.5114874390199,-4.3002565648524635,-0.7520231531119292,-17.800256564852464,43.939919047399535,-49.495374218483704,,,,,3.2230751428945177,256.0,-12.654580656795124,158.0,4.2404715218777165,212,-1.401749096585959,193.0,2,0,scalping,SHORT
fam_regime_side|all_signals,TREND_DOWN,44,44,-7.175338782395468,-1.0457164710567797,-20.675338782395468,26.97853054301551,-32.268938243364154,-1.891629389121453,-0.2340545616024108,-15.391629389121453,37.61612365576341,-41.770009010339614,4.926244892457773,0.4948066650660621,-8.573755107542228,49.398830065930014,-44.00978550433486,,,,,-31.53092265404438,9.0,3.6619942162083117,15.0,8.0930016405778,10,6.468668111615284,10.0,3,0,scalping,SHORT
fam_regime_side|all_signals,TREND_UP,48,48,-7.607157319875952,-1.1418143657876554,-21.107157319875956,24.756029651903976,-31.691899455557728,-5.445816027239887,-0.5275893228722083,-18.945816027239886,46.512247524049165,-54.96774678726644,-37.87569591582329,-2.3666818341865286,-51.37569591582329,61.67000512874656,-98.1535160861149,,,,,-29.30239281939612,4.0,-56.87917263303376,5.0,19.258745997659933,14,-5.176647153280012,25.0,1,1,scalping,LONG
fam_regime_side|all_signals,TREND_DOWN,96,96,5.118551579438475,0.9729146499013289,-8.381448420561524,31.77511184498567,-21.336268799969748,14.323096382020083,4.1078860989538,0.8230963820200828,38.6216811840661,-25.00107174401684,23.09883932872862,1.9943775946160343,9.598839328728618,61.70958669610326,-29.50716258996468,,,,,4.571589456998372,16.0,,,14.326820113641007,47,19.045796243055353,33.0,3,2,trend_following,SHORT
fam_regime_side|all_signals,TREND_UP,134,134,5.211219373997483,1.0817561246428422,-8.288780626002518,31.455474019232536,-23.435919236528886,-6.087556529895791,-1.324578019039318,-19.587556529895792,52.17366549746952,-53.88207227388035,-51.743302194916566,-3.8952736909974783,-65.24330219491655,59.326260681296965,-101.44149617640339,,,,,-23.631900133836844,16.0,,,-2.2240494541456166,44,-4.5771445754972895,73.0,0,0,trend_following,LONG
fam_regime_side|all_signals,LOW_VOLATILITY,574,574,-1.6168513621668354,-0.676910599886792,-15.116851362166837,15.673713330516682,-17.018542990353936,-5.60020936611812,-0.6923163875296878,-19.10020936611812,28.95014046923541,-35.62663719087625,-1.7021164424416506,-0.11704132263096867,-15.202116442441653,45.62284010093218,-57.35206003161836,,,,,-10.596758348397408,130.0,-4.318216358822588,269.0,-17.768154804952005,88,10.209841752861106,87.0,1,0,vwap,LONG
fam_regime_side|all_signals,LOW_VOLATILITY,715,715,-0.6098199188545573,-0.3889114520514527,-14.109819918854557,14.10665920231362,-14.476558270233365,4.077058082668081,0.813409386874932,-9.422941917331919,27.291316528417607,-25.55785803041431,14.849163794950567,1.5244157497952209,1.3491637949505673,46.8540632688012,-31.529078775931207,,,,,-10.59985972857379,101.0,6.995476742893239,379.0,1.2999158910120183,192,25.228205234018265,43.0,3,1,vwap,SHORT
fam_regime_side|all_signals,RANGE,1843,1843,1.0651816027332348,0.5939993582529564,-12.434818397266763,19.44813372890067,-19.2934326220435,3.4579327292923447,0.7612073693028575,-10.042067270707655,35.00069170974448,-34.253222628534694,4.811301719482547,0.7023170258104732,-8.688698280517453,51.033465212353775,-46.14727103479747,,,,,-4.419278765547225,630.0,17.036829809441894,429.0,0.6266527519501073,380,3.5782248446105034,383.0,3,1,vwap,LONG
fam_regime_side|all_signals,RANGE,1966,1966,-0.670643773521995,-0.6432866014242682,-14.170643773521997,16.375861678425935,-18.698550471398953,-1.9033639617730846,-0.742848513660121,-15.403363961773087,29.16978588959692,-33.14025010141549,-1.4605806599349773,-0.2541204188518233,-14.96058065993498,42.68688927235298,-48.74780128362029,,,,,0.4726753082768405,514.0,-7.960607597608699,646.0,1.3558460583042389,388,1.5521365616025664,413.0,3,0,vwap,SHORT
fam_regime_side|all_signals,TREND_DOWN,209,209,-3.438813171786822,-0.6155778286991734,-16.938813171786823,26.021020903179245,-32.710780767636095,-8.720088563114905,-1.214779721919859,-22.220088563114903,33.792548825689444,-44.260356475280105,-12.789278533898974,-1.5241009246660062,-26.289278533898973,37.11428787372475,-56.45380755852094,,,,,10.367292688044634,42.0,-10.870893953489249,77.0,-13.075702580147677,50,-19.17702097907084,40.0,1,0,vwap,LONG
fam_regime_side|all_signals,TREND_UP,168,168,1.7649496380450838,0.29586967968464045,-11.735050361954917,27.098536488614535,-27.619741981755265,9.966802792151073,1.2079285321987936,-3.5331972078489287,55.63298274798587,-47.403258769962406,37.39263237226262,2.7129721942944576,23.892632372262618,95.50153526368314,-60.633410455127624,,,,,23.631900133836844,16.0,50.565936913050884,16.0,2.527292461796356,47,4.123207815406934,88.0,4,2,vwap,SHORT
