family,signals_all,signals_traded,trades,win_rate,gross_exp_bps,mid_exp_bps,net_exp_bps,pf,net_usd,avg_abs_move30,hold_min,fee_bps,slip_bps,max_dd_usd,t_mid,allsig_fwd30,allsig_fwd30_t,Q1_net_bps,Q1_mid_bps,Q1_n,Q2_net_bps,Q2_mid_bps,Q2_n,Q3_net_bps,Q3_mid_bps,Q3_n,Q4_net_bps,Q4_mid_bps,Q4_n,Q1_allsig_fwd30,Q2_allsig_fwd30,Q3_allsig_fwd30,Q4_allsig_fwd30,quarters_mid_pos,quarters_net_pos
volatility,7,3,9,0.1111111111111111,4.6205470780898805,8.658496014658349,-4.045287424640125,0.5830213500818056,-0.08713213031004778,18.80107556464394,7.872222222222222,8.665834502730005,4.03794893656847,0.20896065140779252,1.3563824047781023,-16.17727111444811,-0.8623589239816873,-4.045287424640125,8.658496014658349,9,,,,,,,,,,-16.17727111444811,,,,1,0
order_flow,512,271,2105,0.32304038004750596,-0.7149018484973513,3.784463381059999,-8.91494348879275,0.5616421859509628,-38.23299524763394,37.820015422653526,8.151979414093429,8.198277954703201,4.499365229557349,39.53120585234327,0.9464287669884363,5.69768612367062,1.6611808521683487,-16.399030726943334,-3.132292563547077,212,-10.074623656104238,2.909103316579308,118.0,-9.702777378736014,3.0509418884186523,540.0,-7.174944254136843,5.376160833603924,1235.0,-1.296066455590631,10.519628819408137,4.597507553676498,8.911738463156244,3,0
vwap,5475,1802,11967,0.38296983370936744,-3.996376359298163,1.0221738054413458,-12.726972280796762,0.34788947767877926,-349.04195175189625,31.579635861400643,12.160236483663407,8.731616202948524,5.018550164739509,349.0821399855619,0.6512370960765084,0.39979117372648737,0.2123342066248002,-16.912777020018535,-2.9946715463436946,1390,-10.144193047306127,3.5401288248466622,2766.0,-13.480159636041916,0.3536294550064589,4611.0,-11.760370258308697,1.8385319018306214,3177.0,-2.914039244018708,1.9977583267724424,-0.9474409071627409,3.3968909123172306,3,0
mean_reversion,2207,1233,11975,0.34755741127348644,-4.006738245280892,0.9858605412175685,-12.860824165284944,0.23666718902124378,-339.93269881819174,30.42415010418183,7.6660055671537926,8.854115441803504,4.99259878649846,339.93269881819185,0.9390376985939477,-1.0231032553836243,-0.4666094569164403,-14.304601521971371,-0.3982029560405503,1540,-12.276411857614379,1.5685857765482587,3204.0,-12.602286741210388,1.2716315656452684,4694.0,-13.200837792831399,0.5613421900604322,2537.0,-0.189094782180259,-2.769538803820796,-2.145760279864291,2.8574340035988723,3,0
scalping,3095,1260,5747,0.18966417261179747,-4.322176602494017,0.12294310100602585,-12.960644095765497,0.135929136673909,-183.8551872383127,32.205797443874964,3.2439910678034916,8.639504373507242,4.445119703500043,183.8551872383127,0.4010033981976981,0.1487568923212275,0.14495686735152447,-12.82223632977056,0.19265579922531137,3912,-14.61245115561211,-0.9963731172557534,750.0,-12.726690016906945,0.29536343280521327,657.0,-11.690325674030234,1.182501349301409,428.0,-1.8426125823995183,1.8721203890163127,1.4433801803531396,-0.6823593959942073,3,0
market_structure,1375,479,1901,0.1883219358232509,-6.427762694845763,-1.6196745465812619,-15.033040341396788,0.2805930514615734,-62.067111859604815,31.80976301258179,10.648246536910397,8.606574787677577,4.8080881482645,63.125127184360935,-0.9585525342870226,2.343597141096078,0.6678152676760435,-15.36925569935786,-2.0809844004473597,937,-12.23527097940642,1.0098900772369077,459.0,-19.34433526408141,-5.210320027966709,302.0,-13.046224657117135,0.2853686339960501,181.0,-0.5212493729963442,-3.3812988325208,9.561042794239837,13.738751819274903,2,0
momentum,725,399,5335,0.19194001874414246,-6.296110846088771,-1.8105993254406212,-14.8228300334146,0.29294236025702225,-177.7618095307867,37.676765813534836,9.335160887222743,8.52662907425637,4.485511520648149,177.94925598698705,-1.0545638992389923,0.9725749241843507,0.2575585031091639,-15.698152344768005,-2.583532364892038,1055,-12.842047301444257,0.17546414105406954,1175.0,-17.29080759069723,-4.066212480019552,2225.0,-10.034040161286196,2.2984245601532804,862.0,-3.2409248006448124,-0.3946465902542317,3.17113252172613,2.8847506624501413,2,0
hybrid,4143,844,2100,0.18523809523809523,-8.441637080405105,-3.6119497860944225,-16.934217843378,0.23639308705539175,-64.86540406595817,31.192461657927506,8.555238095238094,8.496216016901917,4.8296872943106814,64.8654040659582,-3.2145458264497138,1.82570878284891,0.8055065109443557,-17.154064860825144,-4.009066609983003,961,-17.14496555771298,-3.615826266432677,540.0,-17.230921446102354,-3.6986582016908485,529.0,-10.048032766966964,2.525069056621186,70.0,-2.1352094415500975,1.2997950338396047,1.7838791262115254,13.28213796216615,1,0
breakout,161,133,1721,0.1609529343404997,-8.65010540465876,-4.049593311691714,-17.20724431013718,0.23225252542852012,-72.12815928124436,37.64889430813472,7.881067208987023,8.555557760705689,4.600512092967046,72.43204091814162,-1.5380264647120052,5.819458184899337,0.9377693172961596,-22.992067433444575,-9.547463180039266,777,-9.563805423274808,3.2598953778986584,172.0,-9.110521598818186,3.6280861755312865,335.0,-16.136914859387407,-3.036801080852357,437.0,-5.506481544943137,24.877168915797988,-2.327878104511293,7.529690123912975,2,0
trend_following,235,76,427,0.23185011709601874,-9.154810447087375,-4.297830880555759,-17.53588440052113,0.38849610192012235,-15.59629020241521,39.72497754894206,23.027829820452773,8.384149206525946,4.856979566531617,16.515328034159513,-0.7065205105703597,2.2023846699150798,0.6028180321403434,-24.818393372922362,-11.182958152727139,97,,,,5.062001157397519,16.810278968707298,62.0,-16.74530557662442,-3.3957269480102625,229.0,-9.530155338419235,,5.560188428342417,2.7771671887691,1,1
