stage,n,p50,p90,p95,p99,max
bar_close_to_features,41,2818.0,3268.0,3495.0,20809.40000000004,32337.0
features,41,43.0,68.0,95.0,112.20000000000003,121.0
features_to_signal,41,216.0,365.0,383.0,552.4000000000003,644.0
signal_to_decision,41,21.0,42.0,46.0,54.20000000000002,59.0
decision_to_book,41,159.0,180.0,237.0,281.8,283.0
total_decision_latency,41,3138.0,3700.0,3847.0,21485.20000000004,33148.0
price_drift_abs_bps,1979,0.41995632454217,1.4250001565346109,2.096260271675643,2.931568808108853,2.931568808108853
spread_bps,1979,0.8396658130056598,0.8405127127552104,0.8405127127552104,1.680531047810774,1.680531047810774
book_timestamp_lag_ms,1979,2358.0,2644.0,2699.0,3074.0,3074.0
