family,unique_signals,signal_bar_share,direction_modes,long_share,persistence_prev_bar_same,reversal_within_10m,netdir_autocorr_lag1,pre1,pre5,pre10,pre30,gap_to_fill,post1,post5,post10,post30,post60,t_post30,character
vwap,5475,0.6489085239085239,both,0.47963470319634705,0.869041095890411,0.35378995433789956,0.8414359998709507,-0.7096439463548184,-5.146378725610302,-10.210150886327915,-26.378096850751813,0.05260240784980579,-0.13787391642120367,-0.0534067047146012,-0.20818273211285807,0.39979117372648754,3.516894165752716,0.2123342066248001,fading (enters against move) / no follow-through
hybrid,4143,0.5383316008316008,both,0.5022930243784697,0.8568670045860488,0.41564083997103546,0.828483188683264,2.2834994547580605,13.70627977719649,24.12434488336992,26.87918387412187,0.0018383498208876094,-0.04622740280473885,-0.36849764660180506,-0.8096309460193108,1.82570878284891,3.2517963975772886,0.8055065109443557,trend-chasing (enters after move) / no follow-through
scalping,3095,0.3976091476091476,both,0.5098546042003231,0.3547657512116317,0.7476575121163166,0.28186867433880436,7.28369250668088,15.323045723253435,15.940950536065184,16.308974043133897,0.00820978148073895,0.17618136870625842,-0.47061559661543145,-1.3535986700660376,0.14875689232122766,-0.5161838215644031,0.1449568673515246,trend-chasing (enters after move) / no follow-through
mean_reversion,2207,0.2867723492723493,both,0.4490258269143634,0.6443135478024468,0.23833257816039874,0.641886720244929,-4.141715208922993,-17.378240171996072,-25.2994802556304,-29.063235165611836,0.04193593979513128,-0.15632041932079904,0.41844925249651205,0.8642014352836986,-1.0231032553836243,0.9426751810490911,-0.4666094569164403,fading (enters against move) / no follow-through
market_structure,1375,0.17866424116424118,both,0.46763636363636363,0.8,0.07709090909090908,0.8001397501463976,-0.45195554305658225,-0.09516767192614266,3.127447202647809,30.433783251551997,-0.08119026378656034,0.033976084826992645,-0.26079904536021553,-0.19023856984050946,2.343597141096078,-0.6318766211200594,0.6678152676760435,trend-chasing (enters after move) / no follow-through
momentum,725,0.09264553014553015,both,0.47448275862068967,0.4979310344827586,0.13379310344827586,0.48094972157176674,5.239113054785813,16.146458387907675,31.30000808368571,73.50022204477426,-0.05130208124559055,0.214011823253805,0.451955489183848,0.5711572598637341,0.9725749241843507,-3.9449382522049077,0.2575585031091639,trend-chasing (enters after move) / no follow-through
order_flow,512,0.06262993762993763,both,0.44921875,0.287109375,0.25,0.2781999150610169,6.193575386535548,22.148664583325473,30.000254554098138,44.82689185783527,-0.08086659482386266,0.18092791258836166,-0.2505544186174289,0.9078884765331565,5.6976861236706196,8.880139809206952,1.6611808521683484,trend-chasing (enters after move) / no follow-through
trend_following,235,0.029885654885654887,both,0.5914893617021276,0.851063829787234,0.03829787234042553,0.8506256620787397,0.19830178386402225,12.84860787075773,35.09320163053174,112.88016389414447,-0.071334392137444,0.5945807640404166,3.5839697364595686,5.473975779988404,2.2023846699150798,-23.562198805995713,0.6028180321403434,trend-chasing (enters after move) / no follow-through
breakout,161,0.02091995841995842,both,0.5279503105590062,0.08695652173913043,0.006211180124223602,0.08689682228324815,14.841083436114193,33.73639983355377,38.73279427823832,51.398262936611815,-0.0343914063780593,-0.5209255105681935,-1.2824926098327594,-0.3074883448193152,5.819458184899337,15.871351725269578,0.9377693172961596,trend-chasing (enters after move) / no follow-through
volatility,7,0.0009095634095634096,auto,0.5714285714285714,0.14285714285714285,0.2857142857142857,0.14284122976385039,5.027684874279023,31.631614463065567,29.185947989195387,22.68733132389971,-0.583185919681904,9.377507640826295,23.971918503617065,-3.487765942075275,-16.17727111444811,-35.077196093255466,-0.8623589239816873,trend-chasing (enters after move) / no follow-through
