trade_id,generation,family,side,exit_reason,signal_bar_utc,candle_close_available_utc,decision_written_utc,decision_lag_s,stored_close,replay_close,stored_rsi,replay_rsi,stored_atr,replay_atr,order_intent_atr,stored_regime,replay_regime,trade_regime,db_signal,replay_signal,db_conf,replay_conf,setup_strength,direction_source,council_bias,council_conf,council_reason,size_modifier,requested_notional,approved_notional,expected_entry_price,next_open,actual_entry,entry_slip_bps,quantity,notional,entry_fee_db,entry_fee_indep,stop_db,stop_indep,tp_db,tp_indep,trailing_dist,stop_bps,exit_kind,exit_reference,actual_exit,exit_bar_utc,replay_first_protective,replay_first_bar_utc,replay_ref,exit_fee_db,funding_db,funding_payments,gross_db,gross_indep,fees_db,fees_indep,net_db,net_indep,net_bps,hold_s
efbb25d5-d65c-409b-8eb7-b620ac2f4313,5,vwap,LONG,stop_loss,2026-10-01 07:23:00+00:00,2026-10-01 07:24:00+00:00,2026-10-01 07:24:03.252275+00:00,3.252275,117.93,117.93,15.645924832123924,15.645924832123924,0.13723912504607957,0.13723912504607957,0.13723912504607957,TREND_DOWN,TREND_DOWN,TREND_DOWN,LONG,LONG,0.7757371578498621,0.775737,0.6865,dna:both,,,council_not_required,1.0,16.123844812960996,16.123844812960996,117.93,117.93,117.95310828765412,1.9594918726451027,0.13,15.333904077395037,0.006900256834827766,0.006900256834827766,117.62922395254537,117.62922395254537,118.46160669377484,118.46160669377484,,27.45873676502717,stop,117.62922395254537,117.58207301589853,2026-10-01 07:26:00+00:00,stop_loss,2026-10-01 07:26:00+00:00,117.62922395254537,0.006878551271430064,0.0,0.0,-0.048234585328226415,-0.048234585328226415,0.01377880810625783,0.01377880810625783,-0.06201339343448425,-0.06201339343448425,-40.44201210695146,179
3912416a-1d03-4958-9d25-b6e504676837,5,vwap,SHORT,stop_loss,2026-10-02 00:19:00+00:00,2026-10-02 00:20:00+00:00,2026-10-02 00:20:02.732092+00:00,2.7320919999999997,118.67,118.67,70.02013590268018,70.02013590268018,0.07416067093078806,0.07416067093078806,0.07416067093078806,RANGE,RANGE,RANGE,SHORT,SHORT,0.803452942586349,0.803453,0.5138,dna:both,,,council_not_required,1.0,99.82329836344296,17.389218574911762,118.67,118.68,118.65789435502059,1.8626259672582801,0.14,16.612105209702882,0.007475447344366296,0.007475447344366296,118.77877624863777,118.77877624863777,118.29921360027969,118.29921360027969,,10.187429523694918,stop,118.78,118.82413978580732,2026-10-02 00:21:00+00:00,stop_loss,2026-10-02 00:21:00+00:00,118.78,0.007485920806505861,0.0,0.0,-0.0232743603101423,-0.0232743603101423,0.014961368150872158,0.014961368150872158,-0.03823572846101446,-0.03823572846101446,-23.01678684209244,119
10135d26-0fdb-4de1-9bd5-7103a90cef8b,4,vwap,LONG,take_profit,2026-09-30 05:17:00+00:00,2026-09-30 05:18:00+00:00,2026-09-30 05:18:03.214765+00:00,3.214765,118.6,118.6,41.26581234332077,41.26581234332077,0.09137946867713027,0.09137946867713027,0.09137946867713027,RANGE,RANGE,RANGE,LONG,LONG,0.7996134583448993,0.799613,0.4985,dna:both,,,council_not_required,1.0,13.667022390310205,13.667022390310205,118.6,118.6,118.62274631288415,1.9179015922565767,0.11,13.048502094417255,0.005871825942487765,0.005871825942487765,118.47288398425366,118.47288398425366,118.82721847406759,118.82721847406759,,12.633523779259637,take_profit,118.82721847406759,118.82933871425588,2026-09-30 05:23:00+00:00,take_profit,2026-09-30 05:23:00+00:00,118.82721847406759,0.0019606840887852217,0.0,0.0,0.022725164150891004,0.022725164150891004,0.007832510031272987,0.007832510031272987,0.014892654119618017,0.014892654119618017,11.413305536418447,359
6ac6a858-ff38-4908-afa8-aab7d4b0d837,2,scalping,SHORT,take_profit,2026-09-28 07:05:00+00:00,2026-09-28 07:06:00+00:00,2026-09-28 07:06:15.812266+00:00,15.812266,118.76,118.76,49.68081341390937,49.68081341390937,0.11589322327520796,0.11589322327520796,0.11589322327520796,RANGE,RANGE,RANGE,SHORT,SHORT,0.8500000000000001,0.85,0.7,dna:both,SHORT,0.5316666666666667,council_aligned,1.07975,10.883616303564152,10.883616303564152,118.76,118.74,118.71318554526022,2.2582495148881776,0.09,10.684186699073418,0.004807884014583038,0.004807884014583038,118.82368973365313,118.82368973365313,118.57726539353693,118.57726539353693,0.32052560097220256,9.30850165340551,take_profit,118.57726539353693,118.5750623103315,2026-09-28 07:13:00+00:00,take_profit,2026-09-28 07:13:00+00:00,118.57726539353693,0.0016007633411894752,0.0,0.0,0.012431091143584183,0.012431091143584183,0.006408647355772513,0.006408647355772513,0.00602244378781167,0.00602244378781167,5.636782618497263,479
85c156e1-a50c-4c64-bca6-c8458b759358,5,breakout,LONG,exit_rules,2026-10-02 00:05:00+00:00,2026-10-02 00:06:00+00:00,2026-10-02 00:06:10.190986+00:00,10.190986,118.44,118.44,59.385111712149616,59.385111712149616,0.055687203419218526,0.055687203419218526,0.055687203419218526,BREAKOUT,BREAKOUT,BREAKOUT,LONG,LONG,0.8005659459562277,0.800566,0.5333,dna:both,LONG,0.6914285714285715,council_aligned,1.1037142857142856,330.4287687136159,25.447206495547697,118.44,118.44,118.46030092856789,1.7140263904003028,0.21,24.876663194999256,0.011194498437749665,0.011194498437749665,118.30047865475473,118.30047865475473,118.89821395881596,118.89821395881596,,13.49163158968641,market,118.33,118.30259652776371,2026-10-02 00:09:00+00:00,take_profit,2026-10-02 00:44:00+00:00,118.89821395881596,0.01117959537187367,0.0,0.0,-0.033117924168877405,-0.033117924168877405,0.022374093809623335,0.022374093809623335,-0.05549201797850074,-0.05549201797850074,-22.306857452512293,239
eec820cf-fd9b-4481-bac2-a9f2a409a29c,4,mean_reversion,SHORT,exit_rules,2026-09-30 05:45:00+00:00,2026-09-30 05:46:00+00:00,2026-09-30 05:46:12.130165+00:00,12.130165,119.56,119.56,69.75542193197766,69.75542193197766,0.10110283190198337,0.10110283190198337,0.10110283190198337,RANGE,RANGE,RANGE,SHORT,SHORT,0.8396285160998138,0.839629,0.6585,dna:both,SHORT,0.55,council_aligned,1.0825,22.69008102697216,22.69008102697216,119.56,119.54,119.51551319233826,2.0484195802028538,0.18,21.512792374620886,0.0096807565685794,0.0096807565685794,119.73895045084164,119.73895045084164,119.02955949881925,119.02955949881925,,18.69525156485751,market,119.18,119.20131616887598,2026-09-30 05:52:00+00:00,take_profit,2026-09-30 05:57:00+00:00,119.02955949881925,0.009655306609678954,0.0,0.0,0.05655546422321123,0.05655546422321123,0.019336063178258353,0.019336063178258353,0.037219401044952874,0.037219401044952874,17.301055296225243,419
e312cfad-ee5b-44b8-8468-4e1370a78f06,4,momentum,LONG,signal_reversal,2026-09-30 02:04:00+00:00,2026-09-30 02:05:00+00:00,2026-09-30 02:05:02.785087+00:00,2.785087,119.69,119.69,64.5535201577236,64.5535201577236,0.1050197338384957,0.1050197338384957,0.1050197338384957,BREAKOUT,BREAKOUT,BREAKOUT,LONG,LONG,0.7313455539744976,0.731346,0.0614,dna:both,,,council_not_required,1.0,17.13088554160729,17.13088554160729,119.69,119.7,119.7241790584465,2.0199714658719614,0.14,16.76138506818251,0.007542623280682129,0.007542623280682129,119.45217794780478,119.45217794780478,120.35522163513527,120.35522163513527,,22.718978971568134,market,119.6,119.57344833468375,2026-09-30 02:13:00+00:00,stop_loss,2026-09-30 02:20:00+00:00,119.45217794780478,0.007533127245085076,0.0,0.0,-0.021102301326784815,-0.021102301326784815,0.015075750525767205,0.015075750525767205,-0.03617805185255202,-0.03617805185255202,-21.58416604915749,539
5c92ab4f-9e36-4793-a8f2-5e9e89186bb7,1,hybrid,SHORT,signal_reversal,2026-09-27 10:25:00+00:00,2026-09-27 10:26:00+00:00,2026-09-27 10:26:19.877568+00:00,19.877568,124.23,124.23,39.47482944661967,39.47482944661967,0.1179139983670656,0.1179139983670656,0.1179139983670656,RANGE,RANGE,RANGE,SHORT,SHORT,0.7583333333333333,0.758333,0.3333,dna:both,SHORT,0.62,council_aligned,1.093,218.31380277955614,12.383765573954694,124.23,124.23,124.20645623072602,1.895175825000761,0.09,11.17858106076534,0.005030361477344403,0.005030361477344403,124.39865604806434,124.39865604806434,123.75286466180758,123.75286466180758,1.7637316784763093,15.474221161361339,market,124.13,124.15779558344884,2026-09-27 10:50:00+00:00,take_profit,2026-09-27 11:20:00+00:00,123.75286466180758,0.0050283907211296774,0.0,0.0,0.00437945825494566,0.00437945825494566,0.010058752198474082,0.010058752198474082,-0.005679293943528421,-0.005679293943528421,-5.080514166025638,1499
46a7930c-0335-442e-b175-eb8d7b9fca29,6,market_structure,LONG,trailing_stop,2026-10-02 03:52:00+00:00,2026-10-02 03:53:00+00:00,2026-10-02 03:53:02.783663+00:00,2.7836629999999998,120.3,120.3,55.6508808932488,55.6508808932488,0.08197263384577698,0.08197263384577698,0.08197263384577698,RANGE,RANGE,RANGE,LONG,LONG,0.875,0.875,0.8,dna:both,,,council_not_required,1.0,25.515978861218862,21.07531130101442,120.3,120.31,120.33215237574372,1.8412746857054962,0.17,20.456465903876435,0.009205409656744396,0.009205409656744396,120.04872379695855,120.04872379695855,120.87673204702153,120.87673204702153,0.3248968114145081,23.55385266442683,stop,120.31,120.25979099175946,2026-10-02 03:53:00+00:00,take_profit,2026-10-02 03:53:00+00:00,120.87673204702153,0.009199874010869599,0.0,0.0,-0.012301435277323948,-0.012301435277323948,0.018405283667613993,0.018405283667613993,-0.03070671894493794,-0.03070671894493794,-15.010764366253076,59
8cdd98db-255a-4f10-9c79-5bd00256240a,2,hybrid,SHORT,trailing_stop,2026-09-28 03:55:00+00:00,2026-09-28 03:56:00+00:00,2026-09-28 03:56:11.213497+00:00,11.213497,119.99,119.99,46.89401082525347,46.89401082525347,0.11807004680930663,0.11807004680930663,0.11807004680930663,RANGE,RANGE,RANGE,SHORT,SHORT,0.925,0.925,1.0,dna:both,SHORT,0.505,council_aligned,1.07575,21.283411739984228,21.283411739984228,119.99,119.96,119.93845581469415,1.795947424628741,0.17,20.389537488498007,0.009175291869824104,0.009175291869824104,120.17247064747019,120.17247064747019,119.48914733576416,119.48914733576416,0.2278830660479189,19.51124276083686,stop,119.79,119.83955846520256,2026-09-28 04:00:00+00:00,take_profit,2026-09-28 04:00:00+00:00,119.48914733576416,0.009167726222587996,-0.00013551374577,-0.00013551374577,0.016812549413570965,0.016812549413570965,0.0183430180924121,0.0183430180924121,-0.001394954933071136,-0.001394954933071136,-0.6841523177551465,299
3b323d2b-38a2-4a03-a1cb-2d2658f6c7c3,5,order_flow,LONG,generation_rollover,2026-10-02 00:44:00+00:00,2026-10-02 00:45:00+00:00,2026-10-02 00:45:03.662586+00:00,3.662586,118.93,118.93,68.06742813963683,68.06742813963683,0.10065170231241048,0.10065170231241048,0.10065170231241048,BREAKOUT,BREAKOUT,BREAKOUT,LONG,LONG,0.9147290094570404,0.895476,0.7889,dna:both,,,council_not_required,1.0,99.65353847573687,16.353145663868418,118.93,118.94,118.96161613472421,1.8173982448477233,0.13,15.465010097514147,0.006959254543881366,0.006959254543881366,118.67229281642719,118.67229281642719,119.77539583209824,119.77539583209824,,24.320728626396853,,,118.96,2026-10-02 00:55:00+00:00,stop_loss,2026-10-02 01:19:00+00:00,118.67229281642719,,0.0,0.0,-0.00021009751414808876,-0.00021009751414808876,0.013918414543881366,0.013918414543881366,-0.014128512058029454,-0.014128512058029454,-9.13579232664095,654
c9665e43-807e-442d-9f1d-3589344382e6,5,vwap,SHORT,generation_rollover,2026-10-02 00:49:00+00:00,2026-10-02 00:50:00+00:00,2026-10-02 00:50:03.933754+00:00,3.933754,119.03,119.03,68.31540025224587,68.31540025224587,0.10269518006298392,0.10269518006298392,0.10269518006298392,RANGE,RANGE,RANGE,SHORT,SHORT,0.8474931451463852,0.847493,0.69,dna:both,,,council_not_required,1.0,198.51234690042835,37.022552696929885,119.03,119.0,118.97605580979295,2.0121168241216125,0.31,36.882577301035816,0.016597159785466116,0.016597159785466116,119.29625938122933,119.29625938122933,118.47737076763794,118.47737076763794,0.6305730957919027,26.913278411942798,,,118.96,2026-10-02 00:55:00+00:00,take_profit,2026-10-02 01:20:00+00:00,118.47737076763794,,0.0,0.0,0.004977301035817447,0.004977301035817447,0.033192079785466115,0.033192079785466115,-0.02821477874964867,-0.02821477874964867,-7.649893476629758,354
9a642529-e5d7-419f-a264-f44f48739506,2,momentum,SHORT,stop_loss,2026-09-28 22:00:00+00:00,2026-09-28 22:01:00+00:00,2026-09-28 22:01:10.578099+00:00,10.578099,117.6,117.6,26.25139606717019,26.25139606717019,0.08471337949962758,0.08471337949962758,0.08471337949962758,BREAKDOWN,BREAKDOWN,BREAKDOWN,SHORT,SHORT,0.6772941409342835,0.677294,0.0792,dna:both,SHORT,0.6785714285714286,council_aligned,1.1017857142857144,216.44868727748224,46.67714187097678,117.6,117.6,117.57491028526488,2.133479144142969,0.39,45.8542150112533,0.020634396755063986,0.020634396755063986,117.76975105811402,117.76975105811402,117.20671967681184,117.20671967681184,0.4702996411410595,16.5716284517179,stop,117.76975105811402,117.81839917563042,2026-09-28 22:32:00+00:00,stop_loss,2026-09-28 22:32:00+00:00,117.76975105811402,0.020677129055323137,0.0,0.0,-0.09496066724256082,-0.09496066724256082,0.04131152581038712,0.04131152581038712,-0.13627219305294794,-0.13627219305294794,-29.718575057822868,1919
cd085e68-d29f-4a36-a1d4-d3f581f8dce2,6,vwap,SHORT,stop_loss,2026-10-02 04:25:00+00:00,2026-10-02 04:26:00+00:00,2026-10-02 04:26:10.597768+00:00,10.597768,122.14,122.14,72.54324751040669,72.54324751040669,0.22654034261421968,0.22654034261421968,0.22654034261421968,TREND_UP,TREND_UP,TREND_UP,SHORT,SHORT,0.8637054686313349,0.863705,1.0,dna:both,LONG,0.5675,council_opposed_reduced,0.71625,71.65538343393045,18.277750161785818,122.14,122.13,122.10737883573464,1.8522201150705797,0.14,17.09503303700285,0.007692764866651282,0.007692764866651282,122.77793824987273,122.77793824987273,119.94147192806858,119.94147192806858,,54.91555224030886,stop,122.77793824987273,122.82506517955017,2026-10-02 04:48:00+00:00,stop_loss,2026-10-02 04:48:00+00:00,122.77793824987273,0.007737979106311662,0.0,0.0,-0.10047608813417414,-0.10047608813417414,0.015430743972962943,0.015430743972962943,-0.11590683210713708,-0.11590683210713708,-67.80146716081352,1379
9c9aa285-fe45-4117-a579-c2b8eb15d295,6,trend_following,SHORT,take_profit,2026-10-02 14:55:00+00:00,2026-10-02 14:56:00+00:00,2026-10-02 14:56:11.007770+00:00,11.00777,120.5,120.5,26.714126853554518,26.714126853554518,0.22374598773092458,0.22374598773092458,0.22374598773092458,TREND_DOWN,TREND_DOWN,TREND_DOWN,SHORT,SHORT,0.7105738396604091,0.710574,0.4211,dna:both,SHORT,0.604,council_aligned,1.0906,216.6177376071084,49.437149175141464,120.5,120.51,120.48778277445612,1.8436001613042485,0.41000000000000003,49.399990937527015,0.022229995921887156,0.022229995921887156,120.77641509862902,120.77641509862902,119.7777472569908,119.7777472569908,,23.95531874905459,take_profit,119.7777472569908,119.77754032448681,2026-10-02 15:06:00+00:00,take_profit,2026-10-02 15:06:00+00:00,119.7777472569908,0.007366318729955938,-0.00061781875,-0.00061781875,0.2911994044874189,0.2911994044874189,0.029596314651843092,0.029596314651843092,0.2622209085855758,0.2622209085855758,53.08116532191062,659
de7ffc10-ac8d-4dbb-8a8a-f009587c4848,6,market_structure,LONG,stop_loss,2026-10-02 03:58:00+00:00,2026-10-02 03:59:00+00:00,2026-10-02 03:59:02.533403+00:00,2.533403,121.17,121.17,74.43863345886727,74.43863345886727,0.15167551982029143,0.15167551982029143,0.15167551982029143,TREND_UP,TREND_UP,TREND_UP,LONG,LONG,0.8005558150452519,0.800556,0.8,dna:both,,,council_not_required,1.0,13.637793111592057,13.637793111592057,121.17,121.15,121.17464398606975,2.0341713635785297,0.11,13.329210838467674,0.005998144877310453,0.005998144877310453,120.90314480559144,120.90314480559144,121.91855174058034,121.91855174058034,,22.405609915348865,stop,120.90314480559144,120.85788727712287,2026-10-02 04:08:00+00:00,stop_loss,2026-10-02 04:08:00+00:00,120.90314480559144,0.005982465420217582,0.000166815,0.000166815,-0.03484323798415716,-0.03484323798415716,0.011980610297528036,0.011980610297528036,-0.04699066328168519,-0.04699066328168519,-35.25389751212551,599
f5e065d1-1440-4eeb-ac6b-44bcfa223095,2,scalping,SHORT,stop_loss,2026-09-29 00:00:00+00:00,2026-09-29 00:01:00+00:00,2026-09-29 00:01:12.592242+00:00,12.592242,118.62,118.62,36.852629539295975,36.852629539295975,0.06720512321925727,0.06720512321925727,0.06720512321925727,LOW_VOLATILITY,LOW_VOLATILITY,LOW_VOLATILITY,SHORT,SHORT,0.9,0.9,0.7,dna:both,SHORT,0.582,council_aligned,1.0873,108.07409185894856,18.69652964100821,118.62,118.62,118.59457180478537,2.1436684551201513,0.15,17.789185770717804,0.008005133596823012,0.008005133596823012,118.68731487482795,118.68731487482795,118.46848760106249,118.46848760106249,,7.820178329513631,stop,118.68731487482795,118.73462150242285,2026-09-29 00:01:00+00:00,stop_loss,2026-09-29 00:01:00+00:00,118.68731487482795,0.008014586951413542,0.0,0.0,-0.021007454645621947,-0.021007454645621947,0.016019720548236555,0.016019720548236555,-0.0370271751938585,-0.0370271751938585,-20.81442943544258,59
f6699098-318a-4b14-ae65-36769a60963a,5,mean_reversion,SHORT,exit_rules,2026-10-01 05:35:00+00:00,2026-10-01 05:36:00+00:00,2026-10-01 05:36:14.624332+00:00,14.624332,119.42,119.42,70.16748587998951,70.16748587998951,0.059831570386908096,0.059831570386908096,0.059831570386908096,RANGE,RANGE,RANGE,SHORT,SHORT,0.8430623823332459,0.843062,0.6722,dna:both,NEUTRAL,0.45,council_neutral,0.75,148.70690941760444,38.50517574519838,119.42,119.42,119.39396680873821,2.1799691225743434,0.32,38.20606937879623,0.017192731220458304,0.017192731220458304,119.51595141444304,119.51595141444304,119.07683123082681,119.07683123082681,,10.216982395788575,market,119.26,119.27819199204592,2026-10-01 05:47:00+00:00,stop_loss,2026-10-01 05:54:00+00:00,119.51595141444304,0.017176059646854612,0.0,0.0,0.03704794134153417,0.03704794134153417,0.03436879086731291,0.03436879086731291,0.0026791504742212577,0.0026791504742212577,0.7012368761776223,719
b8c20e62-f058-491e-9f9b-f356db86dd78,2,hybrid,LONG,signal_reversal,2026-09-28 08:08:00+00:00,2026-09-28 08:09:00+00:00,2026-09-28 08:09:02.561381+00:00,2.561381,118.31,118.31,52.4163198798163,52.4163198798163,0.14267281744813112,0.14267281744813112,0.14267281744813112,HIGH_VOLATILITY,HIGH_VOLATILITY,HIGH_VOLATILITY,LONG,LONG,0.8008333333333334,0.800833,0.3333,dna:both,,,council_not_required,1.0,97.88697823086389,25.362516059616834,118.31,118.29,118.31540965012944,2.148080998345403,0.21,24.84623602652718,0.011180806211937231,0.011180806211937231,118.14705572554064,118.14705572554064,118.65561926093848,118.65561926093848,,14.229247490807785,market,118.31,118.29108549532104,2026-09-28 08:21:00+00:00,stop_loss,2026-09-28 08:24:00+00:00,118.14705572554064,0.011178507579307837,0.0,0.0,-0.005108072509763417,-0.005108072509763417,0.022359313791245068,0.022359313791245068,-0.027467386301008485,-0.027467386301008485,-11.054948633540638,779
92f21de9-9c7e-483c-942d-be303c65cfde,2,breakout,SHORT,exit_rules,2026-09-28 01:15:00+00:00,2026-09-28 01:16:00+00:00,2026-09-28 01:16:09.385593+00:00,9.385593,121.41,121.41,40.186026999951615,40.186026999951615,0.23862854170829642,0.23862854170829642,0.23862854170829642,BREAKDOWN,BREAKDOWN,BREAKDOWN,SHORT,SHORT,0.9140271047388385,0.914027,0.7611,dna:both,SHORT,0.7685714285714286,council_aligned,1.1152857142857142,13.048842857142857,13.048842857142857,121.41,121.4,121.37670843713477,1.9185801371701672,0.1,12.137670843713478,0.005461951879671065,0.005461951879671065,121.76020836651416,121.76020836651416,120.16868365958966,120.16868365958966,,31.5958419302518,market,121.58,121.60314568628053,2026-09-28 01:20:00+00:00,stop_loss,2026-09-28 01:21:00+00:00,121.76020836651416,0.005472141555882624,0.0,0.0,-0.02264372491457607,-0.02264372491457607,0.01093409343555369,0.01093409343555369,-0.03357781835012976,-0.03357781835012976,-27.664136540266195,299
f23e76bc-fcca-437f-a09f-b1667cff507a,6,order_flow,SHORT,stop_loss,2026-10-02 15:24:00+00:00,2026-10-02 15:25:00+00:00,2026-10-02 15:25:02.647309+00:00,2.647309,119.7,119.7,33.7864697123853,33.7864697123853,0.1833624611673364,0.1833624611673364,0.1833624611673364,BREAKDOWN,BREAKDOWN,BREAKDOWN,SHORT,SHORT,0.8037215487139133,0.849826,0.4179,dna:both,,,council_not_required,1.0,99.91200324146149,22.55013913159786,119.7,119.7,119.67624606920609,1.9844553712544677,0.18,21.541724292457094,0.009693775931605692,0.009693775931605692,119.89019338889614,119.89019338889614,119.09020157111111,119.09020157111111,,17.877175021543433,stop,119.89019338889614,119.93860399162207,2026-10-02 15:26:00+00:00,stop_loss,2026-10-02 15:26:00+00:00,119.89019338889614,0.009715026923321388,0.0,0.0,-0.047224426034877635,-0.047224426034877635,0.01940880285492708,0.01940880285492708,-0.06663322888980472,-0.06663322888980472,-30.932170510202177,119
a2c4baa2-3b90-427a-8664-8fe55a6feeb2,1,volatility,LONG,take_profit,2026-09-28 00:44:00+00:00,2026-09-28 00:45:00+00:00,2026-09-28 00:45:02.658945+00:00,2.658945,121.67,121.67,41.89894183105352,41.89894183105352,0.18163464806782254,0.18163464806782254,0.18163464806782254,HIGH_VOLATILITY,HIGH_VOLATILITY,HIGH_VOLATILITY,LONG,LONG,0.95,0.95,0.96,family:volatility,,,council_not_required,1.0,99.8900090686718,28.56854259364013,121.67,121.66,121.68724660220552,2.2395694727528337,0.23,27.98806671850727,0.01259463002332827,0.01259463002332827,121.36756962160615,121.36756962160615,122.28823932573233,122.28823932573233,1.3263909879640403,26.270376684944587,take_profit,122.28823932573233,122.29003859112929,2026-09-28 00:48:00+00:00,take_profit,2026-09-28 00:48:00+00:00,122.28823932573233,0.004219006331393961,0.0,0.0,0.13864215745246697,0.13864215745246697,0.01681363635472223,0.01681363635472223,0.12182852109774474,0.12182852109774474,43.52873755913442,239
3d9cfe90-6deb-431f-bd84-d648b39881c9,1,hybrid,SHORT,exit_rules,2026-09-27 13:39:00+00:00,2026-09-27 13:40:00+00:00,2026-09-27 13:40:03.647677+00:00,3.647677,122.96,122.96,43.84528989432205,43.84528989432205,0.16874705080523206,0.16874705080523206,0.16874705080523206,HIGH_VOLATILITY,HIGH_VOLATILITY,HIGH_VOLATILITY,SHORT,SHORT,0.95,0.95,1.0,dna:both,,,council_not_required,1.0,199.17885620736362,19.32034905211427,122.96,122.95,122.92325689806958,2.1751201244746277,0.15,18.438488534710437,0.008297319840619696,0.008297319840619696,123.39743611083229,123.39743611083229,121.96067309616129,121.96067309616129,,38.57522365811584,market,123.07,123.09367653855098,2026-09-27 13:59:00+00:00,take_profit,2026-09-27 14:27:00+00:00,121.96067309616129,0.00830882316635219,0.0,0.0,-0.02556294607220977,-0.02556294607220977,0.016606143006971885,0.016606143006971885,-0.042169089079181654,-0.042169089079181654,-22.87014415514503,1199
a6c2972c-4629-475b-976a-42acc5d94329,2,scalping,LONG,exit_rules,2026-09-28 08:47:00+00:00,2026-09-28 08:48:00+00:00,2026-09-28 08:48:02.836356+00:00,2.836356,118.25,118.25,52.12010500532073,52.12010500532073,0.10401575646681696,0.10401575646681696,0.10401575646681696,RANGE,RANGE,RANGE,LONG,LONG,0.8500000000000001,0.85,0.7,dna:both,,,council_not_required,1.0,10.858057401815204,10.858057401815204,118.25,118.26,118.28511476184192,2.1236903299448606,0.09,10.645660328565773,0.0047905471478545975,0.0047905471478545975,118.04899899466226,118.04899899466226,118.70020628054378,118.70020628054378,,19.961579075699433,market,118.13,118.10856544799702,2026-09-28 08:50:00+00:00,stop_loss,2026-09-28 09:02:00+00:00,118.04899899466226,0.0047833969006438794,0.0,0.0,-0.01588943824604115,-0.01588943824604115,0.009573944048498477,0.009573944048498477,-0.02546338229453963,-0.02546338229453963,-23.919025695581404,179
c02c3482-868b-483f-9b19-73b0cdfed1e3,3,vwap,LONG,take_profit,2026-09-29 08:07:00+00:00,2026-09-29 08:08:00+00:00,2026-09-29 08:08:02.962663+00:00,2.962663,119.21,119.21,29.60954052088303,29.60954052088303,0.07779111597815426,0.07779111597815426,0.07779111597815426,LOW_VOLATILITY,LOW_VOLATILITY,LOW_VOLATILITY,LONG,LONG,0.9178433164948786,0.917843,0.7647,dna:both,,,council_not_required,1.0,13.800459199645205,13.800459199645205,119.21,119.21,119.23508238095295,2.1040500757441016,0.11,13.115859061904825,0.005902136577857171,0.005902136577857171,119.03481693197878,119.03481693197878,119.47147571692204,119.47147571692204,,16.795849424108383,take_profit,119.47147571692204,119.4687951868801,2026-09-29 08:16:00+00:00,take_profit,2026-09-29 08:16:00+00:00,119.47147571692204,0.0019712351205835215,0.0,0.0,0.025708408651987043,0.025708408651987043,0.007873371698440691,0.007873371698440691,0.01783503695354635,0.01783503695354635,13.598069992493619,539
971a8730-cb30-47e3-9bfa-77364a912145,4,mean_reversion,SHORT,stop_loss,2026-09-30 01:50:00+00:00,2026-09-30 01:51:00+00:00,2026-09-30 01:51:09.681786+00:00,9.681786,119.5,119.5,64.10538075653508,64.10538075653508,0.1002167670807361,0.1002167670807361,0.1002167670807361,RANGE,RANGE,RANGE,SHORT,SHORT,0.7925448396377923,0.792545,0.4702,dna:both,NEUTRAL,0.54,council_neutral,0.75,15.74290675705069,15.74290675705069,119.5,119.51,119.48536869048294,2.061024978416981,0.13,15.533097929762784,0.006989894068393253,0.006989894068393253,119.75441062338788,119.75441062338788,118.61636324719998,118.61636324719998,1.1948536869048294,22.51672617773575,stop,119.75441062338788,119.79926570679415,2026-09-30 02:06:00+00:00,stop_loss,2026-09-30 02:06:00+00:00,119.75441062338788,0.007008257043847457,5.1100452000000005e-05,5.1100452000000005e-05,-0.04080661212045627,-0.04080661212045627,0.01399815111224071,0.01399815111224071,-0.05485586368469698,-0.05485586368469698,-35.31546889921315,959
a6651957-3da1-430b-8517-0bd834230665,5,vwap,SHORT,exit_rules,2026-10-01 03:00:00+00:00,2026-10-01 03:01:00+00:00,2026-10-01 03:01:12.348655+00:00,12.348655,118.22,118.22,64.88208503907578,64.88208503907578,0.056268887573787604,0.056268887573787604,0.056268887573787604,LOW_VOLATILITY,LOW_VOLATILITY,LOW_VOLATILITY,SHORT,SHORT,0.7469312033479185,0.746931,0.1077,dna:both,LONG,0.5740000000000001,council_opposed_reduced,0.713,142.5169275177943,37.69802598857785,118.22,118.22,118.19477668396627,2.1335912733655427,0.31,36.640380772029545,0.016488171347413295,0.016488171347413295,118.3393483368096,118.3393483368096,117.80009607170395,117.80009607170395,,12.231644823857202,market,117.92,117.94652440586636,2026-10-01 03:07:00+00:00,stop_loss,2026-10-01 03:42:00+00:00,118.3393483368096,0.016453540154618355,0.0,0.0,0.07695820621097268,0.07695820621097268,0.03294171150203165,0.03294171150203165,0.044016494708941034,0.044016494708941034,12.013110612251676,419
f8146a77-12a6-4840-b418-da5801479a36,6,mean_reversion,LONG,stop_loss,2026-10-02 01:20:00+00:00,2026-10-02 01:21:00+00:00,2026-10-02 01:21:10.043523+00:00,10.043523,118.42,118.42,29.414172430520352,29.414172430520352,0.07969585485926517,0.07969585485926517,0.07969585485926517,RANGE,RANGE,RANGE,LONG,LONG,0.8465485630789971,0.846549,0.6862,dna:both,SHORT,0.5780000000000001,council_opposed_reduced,0.711,71.1,14.95,118.42,118.41,118.43234045258097,1.8867031991365302,0.12,14.211880854309717,0.006395346384439372,0.006395346384439372,118.33272063400689,118.33272063400689,118.70230019893488,118.70230019893488,,8.411538452536995,stop,118.33272063400689,118.28798807742876,2026-10-02 01:21:00+00:00,stop_loss,2026-10-02 01:21:00+00:00,118.33272063400689,0.006387551356181153,0.0,0.0,-0.01732228501826512,-0.01732228501826512,0.012782897740620525,0.012782897740620525,-0.030105182758885643,-0.030105182758885643,-21.183109447301845,59
c96a394b-bedc-413b-9035-90804169a087,1,vwap,SHORT,exit_rules,2026-09-27 08:18:00+00:00,2026-09-27 08:19:00+00:00,2026-09-27 08:19:03.356783+00:00,3.356783,124.53,124.53,67.49209125512064,67.49209125512064,0.24221517434291423,0.24221517434291423,0.24221517434291423,TREND_UP,TREND_UP,TREND_UP,SHORT,SHORT,0.95,0.95,1.0,dna:both,,,council_not_required,1.0,199.74550873556691,25.167934100681432,124.53,124.53,124.5036948511895,2.112354357223234,0.2,24.9007389702379,0.011205332536607054,0.011205332536607054,124.99296950336218,124.99296950336218,123.25115174162742,123.25115174162742,,39.29800258196977,market,123.93,123.95391238258262,2026-09-27 12:50:00+00:00,take_profit,2026-09-27 13:00:00+00:00,123.25115174162742,0.011155852114432437,-0.001241225,-0.001241225,0.10995649372137564,0.10995649372137564,0.022361184651039492,0.022361184651039492,0.08883653407033615,0.08883653407033615,35.67626413678574,16319
71314156-4489-46c5-b747-d462ad46354a,2,hybrid,SHORT,generation_rollover,2026-09-29 00:46:00+00:00,2026-09-29 00:47:00+00:00,2026-09-29 00:47:02.912651+00:00,2.912651,118.68,118.68,43.13744953067795,43.13744953067795,0.10442734615267935,0.10442734615267935,0.10442734615267935,RANGE,RANGE,RANGE,SHORT,SHORT,0.7583333333333333,0.758333,0.3333,dna:both,,,council_not_required,1.0,99.39594279876941,23.91466383738392,118.68,118.65,118.62391184739036,2.1987486396668476,0.2,23.724782369478074,0.010676152066265134,0.010676152066265134,118.75862312392732,118.75862312392732,118.2588442879752,118.2588442879752,,11.356165417160378,,,123.36,2026-09-29 00:40:00+00:00,take_profit,2026-09-29 00:52:00+00:00,118.2588442879752,,0.0,0.0,-0.9472176305219279,-0.9472176305219279,0.021778552066265132,0.021778552066265132,-0.968996182588193,-0.968996182588193,-408.4320637793527,0
