subset,max_decision_age_s,n,old_stale_share,new_stale_share
ALL,1,48016,1.0,1.0
ALL,2,48016,1.0,1.0
ALL,5,48016,0.24310646451182938,0.0027074308563812062
ALL,10,48016,0.20032905698100634,0.0027074308563812062
ALL,15,48016,0.030010829723425524,0.002686604465178274
ALL,30,48016,0.0005623125624791736,0.0001874375208263912
ALL,async_council<= 30,48016,,0.9967510829723426
ALL,async_council<= 60,48016,,0.9967510829723426
ALL,async_council<= 120,48016,,0.7921942685771409
ALL,async_council<= 300,48016,,0.24006581139620126
council_bar,1,11496,1.0,1.0
council_bar,2,11496,1.0,1.0
council_bar,5,11496,1.0,0.0
council_bar,10,11496,0.8254175365344467,0.0
council_bar,15,11496,0.11403966597077245,0.0
council_bar,30,11496,0.0015657620041753654,0.0
council_bar,async_council<= 30,11496,,0.9981732776617954
council_bar,async_council<= 60,11496,,0.9981732776617954
council_bar,async_council<= 120,11496,,0.9981732776617954
council_bar,async_council<= 300,11496,,0.9981732776617954
non_council_bar,1,36520,1.0,1.0
non_council_bar,2,36520,1.0,1.0
non_council_bar,5,36520,0.004846659364731654,0.0035596933187294635
non_council_bar,10,36520,0.0035596933187294635,0.0035596933187294635
non_council_bar,15,36520,0.0035596933187294635,0.0035323110624315445
non_council_bar,30,36520,0.00024644030668127055,0.00024644030668127055
non_council_bar,async_council<= 30,36520,,0.996303395399781
non_council_bar,async_council<= 60,36520,,0.996303395399781
non_council_bar,async_council<= 120,36520,,0.727354874041621
non_council_bar,async_council<= 300,36520,,0.0014238773274917853
