bar_type,stage,n,mean,p10,p50,p90,p99,max
council_bar,wait_for_confirmed_bar_ms,1487,2442.7288817974572,2210.291910171509,2397.9532718658447,2720.285654067993,3077.4453687667856,3331.42352104187
council_bar,feature_latency_ms,1487,28.35084835634828,22.857189178466797,24.20806884765625,34.36665534973147,102.59231567382815,150.28023719787598
council_bar,llm_council_latency_ms,1487,9617.249480374176,6698.397578601725,8861.043818993494,13302.43114960249,19474.28692849411,44006.76575599937
council_bar,llm_slowest_analyst_ms,1487,8558.435776731674,6587.0,8083.0,10811.800000000003,15903.120000000026,44005.0
council_bar,strategy_risk_to_first_order_ms,706,326.41903334231284,198.38225841522217,292.4736738204956,489.34757709503174,736.6254448890693,1132.751703262329
council_bar,first_order_ms_after_event,706,12343.89311632421,9404.444932937622,11569.944500923157,15976.410984992981,21653.364348411582,46661.11898422241
council_bar,all_agents_decided_ms_after_event,706,12609.44559756487,9668.573498725891,11870.561003684998,16262.404561042786,21660.034990310683,47275.15697479248
council_bar,cycle_total_ms,1487,10265.731264299086,7344.527864456177,9495.468854904175,13937.26201057434,20091.47055149084,45032.32979774475
council_bar,cycle_done_ms_after_event,1487,12708.460146096542,9731.495809555054,11980.360269546509,16415.391540527344,22595.268969535853,47306.3006401062
non_council_bar,wait_for_confirmed_bar_ms,5970,2860.1959271646624,2207.6862573623657,2404.373526573181,2750.206184387207,3179.711890220643,279729.7012805939
non_council_bar,feature_latency_ms,5970,-17.688557490631563,22.864484786987305,24.26743507385254,34.302902221679695,103.87778759002686,335.2649211883545
non_council_bar,strategy_risk_to_first_order_ms,3147,341.2356608475357,201.21512413024902,306.0619831085205,509.16171073913574,808.0162477493285,5285.780906677246
non_council_bar,first_order_ms_after_event,3147,2855.9328118770663,2530.9563159942627,2765.825033187866,3167.049980163574,3776.842346191406,41912.348985672
non_council_bar,all_agents_decided_ms_after_event,3147,3130.552363160833,2663.5090827941895,3038.9750003814697,3595.568084716797,4249.985017776489,42026.26705169678
non_council_bar,cycle_total_ms,5970,654.33114629295,383.93540382385254,592.4667119979858,1001.7813205718995,1541.3275194168095,5764.988422393799
non_council_bar,cycle_done_ms_after_event,5970,3514.5270734576125,2701.464533805847,3040.78471660614,3570.612668991089,4347.471022605901,280826.0543346405
council_bar|entry_orders,decision_ms_after_event,8037,12002.023251388624,9583.680391311646,11367.607116699219,15132.463502883913,21312.84878730776,47275.15697479248
council_bar|entry_orders,order_created_ms_after_event,8037,12002.890486288266,9584.668397903442,11368.83807182312,15133.32214355469,21313.736534118674,47276.14688873291
council_bar|entry_orders,fill_processed_ms_after_event,8037,63005.81134254101,62643.950033187866,62989.835023880005,63530.508518218994,64147.648067474365,65263.39292526245
council_bar|entry_orders,"simulated_exchange_latency_ms (paper RNG, not real)",7985,149.29555416405762,85.0,149.0,215.0,267.0,332.0
non_council_bar|entry_orders,decision_ms_after_event,36520,3161.763495265589,2651.6919136047363,3018.214464187622,3567.4864768981934,4227.590088844299,42026.26705169678
non_council_bar|entry_orders,order_created_ms_after_event,36520,3162.6628649130316,2652.6713371276855,3019.1279649734497,3568.7491178512573,4228.355934619903,42026.92794799805
non_council_bar|entry_orders,fill_processed_ms_after_event,36520,65703.3825343436,62674.81253147125,63136.5864276886,71555.28185367584,122604.32563066481,3880176.5220165253
non_council_bar|entry_orders,"simulated_exchange_latency_ms (paper RNG, not real)",36088,149.34485147417425,85.0,149.0,214.0,265.0,372.0
