bar,signals,features_ms,population_indicators_ms,strategy_eval_497_ms,decision_records_ms,gate_all_ms,gate_per_decision_us,fast_path_total_ms
1790257680000,0,43.9089999999851,385.339100001147,5.510099999810336,0.3139000000373926,0.10059999840450473,,435.17269999938435
1790258700000,42,45.00329999791575,348.5973999995622,8.989100002509076,1.3066999999864493,0.37489999886020087,3.1238096631741863,404.27139999883366
1790260380000,225,34.6438999986276,342.0808999981091,24.926100002630847,7.972899999003857,2.0761000014317688,3.740889159315783,411.69989999980316
1790263320000,98,43.065300000307616,362.06749999837484,15.111500000784872,3.0856000012136064,0.8596999978180975,3.27551001368081,424.18959999849903
1790265120000,140,33.242299999983516,361.98030000014114,12.322099999437341,5.565600000409177,1.504799998656381,4.506428610641576,414.61509999862756
1790279940000,10,43.06240000005346,381.52400000035414,11.713399999280227,0.5763000008300878,0.18840000120690092,3.789999755099416,437.0645000017248
1790284560000,6,43.84830000344664,321.33259999682195,6.016400002408773,0.44239999988349155,0.23239999791258015,6.366666032893893,371.87210000047344
1790285700000,262,39.31120000197552,317.28210000073886,26.018199998361524,8.203599998523714,2.7064000023528934,4.633205964692996,393.5215000019525
1790291760000,12,37.45360000175424,407.33130000080564,8.078200000454672,0.55669999710517,0.21940000078757294,2.966666518962787,453.6392000009073
1790293680000,39,31.763899998622946,345.29919999840786,5.7137000003422145,1.0699000013119075,0.29970000105095096,2.8076922320999587,384.1463999997359
1790296560000,0,31.164500000159023,362.1472000013455,4.488300000957679,0.20369999765534885,0.05370000144466758,,398.0574000015622
1790319120000,1,38.59630000079051,360.5640999994648,9.396700002980651,0.47389999963343143,0.1100999979826156,14.400000509340316,409.141100000852
1790320380000,163,42.719100001704646,354.91849999743863,14.720400002261158,4.272499998478452,1.8548000007285737,4.4644171135654345,418.48530000061146
1790322960000,9,41.89570000016829,343.88140000010026,6.259900001168717,0.6020999971951824,0.17389999993611127,3.833333014174261,392.81299999856856
1790323020000,15,33.88419999828329,383.2540000003064,7.580400000733789,0.7552999995823484,0.18289999934495427,3.6466665430149683,425.6567999982508
1790330880000,59,36.009900002682116,354.724000000715,11.21439999769791,2.5408000001334585,0.6837000000814442,4.564406820355867,405.17280000130995
1790335020000,200,45.196800001576776,344.44860000076005,26.3316999989911,8.43949999762117,2.5613000034354627,3.889500021614367,426.97790000238456
1790337900000,63,122.15909999940777,364.10609999802546,10.52479999998468,1.469900002120994,0.40019999869400635,2.1507934549830794,498.6600999982329
1790346480000,141,36.45759999926668,329.01159999892116,12.822500000766013,3.160800002660835,0.8789999992586672,2.5290780240861395,382.33150000087335
1790347620000,131,35.39129999990109,347.66970000055153,12.18949999747565,3.2006000001274515,0.823600003059255,2.399999862723408,399.274700001115
1790353800000,207,35.468699999910314,346.8441000004532,20.157399998424808,4.493899999943096,1.528400000097463,3.0140097472076595,408.49249999882886
1790360340000,223,39.465000001655426,342.5064000002749,32.884299998841016,7.9976000015449245,2.214699998148717,4.275784651057653,425.06800000046496
1790360880000,30,39.54930000327295,371.18829999963054,10.801499996887287,1.5873000011197291,0.47790000098757446,4.479999915929511,423.6043000018981
1790363040000,16,34.832100001949584,359.40320000008796,13.376299997617025,1.6262999997707084,0.34100000266334973,7.006249688856769,409.57890000208863
1790366700000,30,30.178700002579717,374.3505999991612,12.2836999980791,1.223200000822544,0.21099999867146835,2.2466670391925923,418.24719999931403
1790385300000,38,32.472900002176175,360.36199999944074,9.294600000430364,1.3552999989769887,0.3647999983513728,3.402631735202464,403.84959999937564
1790389440000,29,43.86929999964195,344.8718999970879,14.169400001264876,1.4665000016975682,0.2682999984244816,2.70344828785365,404.6453999981168
1790395200000,4,46.63129999971716,333.4022000017285,11.900800000148593,0.42469999971217476,0.12910000077681616,5.1500001063686796,392.48810000208323
1790405100000,2,29.447099997923942,329.9830000032671,11.527799997566035,0.751499999751104,0.34700000105658546,17.79999911377672,372.05639999956475
1790406120000,116,41.71449999921606,341.0755999975663,28.64140000019688,2.9841000032320153,0.7188999989011791,2.465517135188465,415.13449999911245
1790411520000,73,33.506300002045464,343.1873999979871,22.66790000066976,3.3981000015046448,0.8402999992540572,4.445205389582616,403.600000001461
1790413200000,2,28.413500000169734,339.3887000020186,10.509199997613905,0.5803000021842308,0.1550999986648094,8.949999028118327,379.0468000006513
1790423280000,58,33.71960000004037,327.30179999998654,16.015299999708077,1.6644999996060506,0.4331999989517499,2.8051725104009604,379.1343999982928
1790426160000,11,43.205500001931796,356.284899997263,11.739900000975467,0.90730000010808,0.2296999991813209,5.22727284326472,412.36729999945965
1790427840000,10,43.60330000054091,376.57170000238693,8.9304999964952,0.4369000016595237,0.11499999891384505,3.1299998227041215,429.6573999999964
1790432400000,125,39.666599997872254,376.06610000148066,11.23369999913848,3.382999999303138,1.0005000003729947,2.678400051081553,431.34989999816753
1790440860000,2,25.36790000158362,322.4977999998373,13.696199999685632,0.8162000012816861,0.21609999748761766,10.750000001280569,362.59419999987585
1790442180000,60,30.92389999801526,364.02670000097714,18.608700000186218,2.617499998450512,0.6318000014289282,4.068333449443647,416.80859999905806
1790448780000,109,43.769799998699455,349.66239999994286,8.295499999803724,2.3472000029869378,0.6539999994856771,2.4211008959864224,404.72890000091866
1790453160000,10,39.55599999972037,350.1030000006722,11.491799999930663,0.752799998736009,0.19260000044596381,4.060000355821103,402.0961999995052
1790463600000,72,31.699000002845423,378.7200999977358,11.177100001077633,1.7928999986907002,0.49840000065159984,2.6486112195319342,423.8875000010012
1790465820000,14,32.41850000267732,364.27379999804543,9.766400002263254,0.7272000002558343,0.21559999731834978,3.7428570586988434,407.4015000005602
1790466240000,205,36.98110000186716,356.3538999987941,26.804400000401074,3.371899998455774,1.5098000003490597,2.890243904846834,425.02109999986715
1790481480000,15,30.53870000076131,333.05079999990994,5.79220000145142,0.7845000000088476,0.20909999875584617,3.6066662384352335,370.37530000088736
1790492580000,60,36.34569999849191,325.82490000277176,24.05469999939669,2.639199999975972,0.7009999972069636,4.450000233191531,389.5654999978433
1790492700000,20,30.01120000044466,334.53910000025644,8.03760000053444,0.6352999989758246,0.2378999997745268,3.389999801584054,373.4610999999859
1790506380000,117,31.278000002203044,447.17499999751453,11.189100001502084,3.356000001076609,0.9611999994376674,3.261538234869671,493.95930000173394
1790508060000,55,47.92209999868646,421.92330000034417,9.550099999614758,1.6542000012123026,0.3763999993680045,1.841818051285703,481.4260999992257
1790513220000,18,38.92409999752999,424.86100000314764,10.781400000269059,1.244899998710025,0.9104999990086071,9.738888871248086,476.7218999986653
1790519880000,231,47.59090000152355,498.65739999950165,38.03909999987809,6.774900000891648,5.911500000365777,6.750649317758343,596.9738000021607
1790521140000,115,79.52010000008158,312.5830999997561,5.363299998862203,2.275200000440236,0.8458000011160038,2.4643477049919413,400.5875000002561
1790522580000,31,20.436799997696653,170.16209999928833,4.92360000134795,0.9189000011247117,0.3068999976676423,2.2935482481825016,196.7482999971253
1790526660000,23,15.592399999150075,140.88510000146925,3.639300000941148,0.4571999998006504,0.10750000001280569,1.4608699332355806,160.68150000137393
1790530140000,20,16.81749999988824,166.5528000012273,8.663100001285784,0.6208999984664842,0.14369999917107634,1.92500065168133,192.79800000003888
1790536200000,101,22.93650000137859,353.5114000005706,5.26509999690461,1.2899000030301977,0.3782999992836267,1.3455445705313642,383.3812000011676
1790537700000,18,15.128600000025472,146.577100000286,3.6757000016223174,0.39789999937056564,0.11059999815188348,1.5666666715535231,165.88989999945625
1790540340000,26,14.222099998733029,137.79730000169366,3.690199999255128,0.43390000064391643,0.11309999899822287,1.3692311208265333,156.25659999932395
1790563080000,222,18.18959999945946,210.72880000065197,13.9844000004814,3.4682000004977454,0.8809999999357387,1.420270302070741,247.25200000102632
1790563380000,148,19.43080000273767,213.00759999940055,4.231399998388952,1.8473000018275343,0.5204000008234289,1.3858109161594405,239.03750000317814
1790564160000,150,24.217999998654705,188.22000000000116,4.145000002608867,1.745699999446515,0.7444000002578832,1.8246668090190117,219.07310000096913
1790564760000,36,28.366500002448447,190.09100000039325,5.918700000620447,0.7174999991548248,0.21120000019436702,1.5666666715535231,225.30490000281134
1790565120000,70,14.353599999594735,160.82810000079917,6.850999998277985,0.8835000007820781,0.2604000001156237,1.268571473441885,183.1765999995696
1790567760000,50,18.4456000024511,152.1270999983244,4.843099999561673,0.6801000017730985,0.2069000001938548,1.6779998986748978,176.30280000230414
1790579880000,21,13.804199999867706,180.36960000245017,4.197399997792672,0.44460000208346173,0.1384999995934777,2.414285907954244,198.9543000017875
1790580240000,295,13.675500002136687,162.4121999993804,21.28459999948973,3.8569999996980187,1.9571000011637807,2.7162712378135363,203.1864000018686
1790580480000,179,18.111599998519523,171.12540000016452,6.113300001743482,2.072700001008343,0.5561999969359022,1.2033519114942586,197.97919999837177
1790586420000,10,14.94269999966491,161.1138000007486,2.931499999249354,0.5147000010765623,0.1587999977346044,2.209999001934193,179.66149999847403
1790587860000,14,21.277700001519406,185.3207999993174,64.24189999961527,0.4064999993715901,0.09970000246539712,2.0500000183736637,271.34660000228905
1790596740000,11,17.82409999941592,141.9421999999031,4.755400001158705,1.2060000008204952,0.5160000000614673,6.799999854675579,166.24370000135968
1790601840000,12,15.144799999688985,145.16270000240183,4.1189999974449165,0.311100000544684,0.12559999959194101,1.8000009731622413,164.86319999967236
1790602500000,5,13.680899999599205,138.33389999854262,2.882500000850996,0.18339999951422215,0.0684000006003771,4.060000355821103,155.14909999910742
1790604480000,12,13.650100001541432,139.4466999990982,3.5217000004195143,0.3214999996998813,0.15490000077988952,2.858333876550508,157.09490000153892
1790606220000,0,13.483499998983461,139.84809999965364,2.5784000026760623,0.13380000018514693,0.029499999072868377,,156.07330000057118
1790609760000,55,15.73600000119768,135.73030000043218,7.2632999981578905,0.7928999984869733,0.19090000205324031,1.2545452178032561,159.71340000032797
1790610540000,139,17.653700000664685,130.49749999845517,4.770300001837313,3.0880000012984965,0.8607999989180826,2.047482032283618,156.87030000117375
1790611620000,100,14.612700000725454,145.13619999706862,4.221300001518102,1.3883999999961816,0.38919999860809185,1.4610002108383924,165.74779999791645
1790613840000,37,21.58410000265576,277.49799999946845,5.449500000395346,0.8084000000962988,0.23299999884329736,2.1081078385405645,305.57300000145915
1790614140000,61,20.273599999200087,208.82809999966412,12.150300000939751,1.1726999982784037,0.31740000122226775,1.8950822032209425,242.74209999930463
1790628240000,37,20.8582999985083,237.00509999980568,5.418400000053225,0.8196000017051119,0.22779999926569872,1.997297560494091,264.329199999338
1790629860000,8,25.71449999959441,217.73449999818695,5.3389999993669335,0.41419999979552813,0.1053000014508143,2.8624999686144292,249.30749999839463
1790633820000,30,23.826399999961723,222.467499999766,9.06810000014957,0.7833000017853919,0.18799999816110358,2.0833331897544363,256.3332999998238
1790638980000,20,23.14049999768031,219.59490000153892,4.644699998607393,0.5157000014150981,0.15269999857991934,2.1099995137774386,248.04849999782164
1790640360000,32,23.213000000396278,227.53110000121524,5.434199996670941,0.6787000020267442,0.1846999984991271,2.0218748204570147,257.0416999988083
1790649300000,80,27.892899997823406,235.75870000058785,5.011000001104549,2.893099997891113,1.0060999993584119,2.848750273187761,272.56179999676533
1790656680000,12,28.497200000856537,234.23999999795342,8.329800002684351,0.5084999975224491,0.15770000027259812,3.174999619659502,271.73319999928935
1790658540000,2,22.5812999997288,204.15800000046147,4.63320000199019,0.25829999867710285,0.058900001022266224,4.899999112240039,231.68970000187983
1790660580000,121,19.424300000537187,215.0415999967663,4.965200001606718,1.8912999985332135,0.6165000013425015,1.9190081143617046,241.93889999878593
1790668920000,6,27.476000002934597,232.04879999684636,4.564900002151262,0.35819999902741984,0.09850000060396269,2.8333330798583725,264.5464000015636
1790674080000,102,28.817099999287166,251.22449999980745,14.104500001849374,1.7368000007991213,0.48379999861936085,1.8999998799557158,296.36670000036247
1790674320000,227,25.175599999784026,228.14419999849633,17.929000001458917,6.719000000884989,3.146200000628596,4.022907591214617,281.11400000125286
1790679540000,15,24.207400001614587,198.20110000000568,6.746700000803685,0.5165999973542057,0.1666999996814411,2.5666670505112656,229.8384999994596
1790682000000,83,21.16830000159098,236.6848999990907,7.715100000496022,4.0912000004027504,0.7792999967932701,3.4626505386045046,270.4387999983737
1790684220000,192,22.144599999592174,248.69890000263695,14.546599999448517,2.9848999984096736,0.8503999997628853,1.7796875037371744,289.2253999998502
1790686620000,93,24.17020000211778,204.74489999833168,14.02070000040112,1.5628000001015607,0.4459999981918372,1.7505376246101874,244.94459999914397
1790688420000,134,30.21449999869219,223.0258000017784,8.539899998140754,2.3576999992656056,0.6484000005002599,1.8582091770576201,264.7862999983772
1790689080000,0,22.484900000563357,231.37510000015027,5.096699998830445,0.5495000004884787,0.21550000019487925,,259.72170000022743
1790694060000,142,27.79759999975795,258.8194999989355,6.280400000832742,2.2449999996752013,0.6343000022752676,1.811267665429959,295.77680000147666
1790702640000,30,26.402999999845633,223.31900000062888,5.39310000021942,0.6630999996559694,0.21980000019539148,1.9199998253801216,255.9980000005453
1790702700000,31,19.052300001931144,200.00879999861354,4.640999999537598,0.6200000025273766,0.1694999991741497,1.9032256292825145,224.4916000017838
1790705580000,183,23.966199998540105,213.2631999993464,14.109400002780603,3.2256999984383583,0.9270000009564683,1.7945356654318794,255.49150000006193
1790717580000,19,26.075400000991067,232.46949999884237,4.647199999453733,0.5264000028546434,0.20929999664076604,2.4105259064143816,263.9277999987826
1790718960000,8,31.282700001611374,231.60469999857014,5.953399999270914,0.6155000010039657,0.16519999917363748,4.12500003221794,269.62149999963003
1790720640000,64,25.328999996418133,252.5225000026694,5.822899998747744,1.6566000012971926,0.8319000007759314,5.104687431867205,286.1628999999084
1790727120000,266,22.33699999851524,222.1538000012515,19.935399999667425,3.9544999999634456,1.082700000551995,1.6939848411086023,269.4633999999496
1790729760000,0,21.40040000085719,231.31939999802853,6.478499999502674,2.6883999998972286,0.8471000001009088,,262.73379999838653
1790730180000,196,36.813699996855576,233.97190000105184,18.74150000003283,3.074600001127692,1.0552999992796686,2.052040905923326,293.6569999983476
1790735460000,7,29.09209999779705,246.4849999996659,3.531500002281973,0.3679000001284294,0.1187999987450894,2.742857239874346,279.59529999861843
1790738400000,41,29.576200002338737,238.24449999665376,9.113000000070315,1.1077000017394312,0.27580000096349977,2.3756099214618343,278.31720000176574
1790742780000,59,22.374399999534944,191.7676000011852,11.11759999912465,1.9135000002279412,0.556999999389518,3.428813400559948,227.73009999946225
1790750280000,129,27.905599999940023,232.43830000137677,7.1556999973836355,2.0337000023573637,0.5653999978676438,1.7403101026488454,270.09869999892544
1790755620000,280,22.789899998315377,192.46109999949113,17.78270000068005,4.099599998880876,1.1456000029284041,1.7117856649357626,238.27890000029583
1790758740000,14,23.43499999915366,216.32600000157254,4.534899999271147,0.450999999884516,0.14229999942472205,2.1357139173362936,244.88919999930658
1790763840000,79,21.70979999937117,183.91340000016498,14.073499998630723,1.3197000007494353,0.35940000088885427,1.7835439313232568,221.37579999980517
1790774100000,190,18.273800000315532,178.63759999818285,7.780899999488611,2.775400000246009,0.7833000017853919,1.72842117440029,208.2510000000184
1790793840000,136,20.04279999891878,180.8413000035216,5.141999998159008,2.1087999994051643,0.6090000024414621,1.7294117188772788,208.74390000244603
1790807040000,25,18.351000002439832,180.05659999835189,6.4954000008583535,0.6357999991450924,0.18170000112149864,2.0559996482916176,205.72050000191666
1790809260000,12,20.59970000118483,180.09479999818723,5.414200000814162,0.39850000030128285,0.11019999874406494,2.366666497740274,206.61739999923157
1790817420000,91,21.42439999806811,173.09260000183713,12.534399997093715,2.359699999942677,0.4999000011594035,1.9285714418171895,209.91099999810103
1790818980000,12,20.600100000592647,183.92239999957383,4.487199999857694,0.3775000004679896,0.11439999798312783,2.291666836147973,209.50159999847529
1790822880000,10,18.196299999544863,176.4020000009623,4.514500000368571,0.3118999993603211,0.08539999907952733,2.2799998987466097,199.51009999931557
1790825940000,83,17.844199999672128,173.9123000006657,10.093600001710001,1.3178999979572836,0.3727000002982095,1.8024095562034208,203.54070000030333
1790827380000,69,18.77710000189836,174.8010000010254,8.184799997252412,1.2520000018412247,0.37460000021383166,1.7724637143766049,203.38950000223122
1790829540000,8,19.114499998977408,177.07289999816567,4.665700002078665,0.3274000009696465,0.09089999730349518,2.5249992177123204,201.27139999749488
1790834160000,15,19.339700000273297,189.83809999917867,5.40529999852879,0.46949999887146987,0.13500000204658136,2.300000051036477,215.1875999988988
1790835180000,120,20.961800000804942,175.84890000216546,13.27569999921252,1.854099999036407,0.58319999880041,1.9791668819379993,212.52370000001974
1790835300000,21,21.77569999912521,179.81290000170702,6.562300000950927,0.5829000001540408,0.161599997227313,2.0666669851856394,208.8953999991645
1790843880000,13,17.9454999997688,174.97590000130003,5.633799999486655,0.44020000132150017,0.11869999798364006,2.207692047634807,199.11409999986063
1790847660000,8,17.99089999985881,174.2244999986724,7.261300001118798,0.3391999998711981,0.0835999999253545,2.4875007511582226,199.89949999944656
1790852640000,75,18.413199999486096,169.3779999986873,4.963700001098914,1.5424000011989847,0.4532999992079567,1.9386668282095343,194.75059999967925
1790862120000,10,19.599299997935304,174.48480000166455,3.2809000003908295,0.45479999971576035,0.16179999875021167,2.9200000426499173,197.98159999845666
1790865180000,0,20.5537000001641,170.17960000157473,3.403700000490062,0.14559999908669852,0.03469999865046702,,194.31729999996605
1790869500000,37,20.825300001888536,170.77529999733088,4.649900001822971,0.7048000006761868,0.20349999977042899,1.8972972906635117,197.158800001489
1790870640000,157,20.47089999905438,179.94469999757712,8.696100001543527,3.325000001495937,1.5290999981516507,3.144585925664539,213.96579999782261
1790871000000,1,18.23859999785782,177.85229999935837,6.286200001341058,0.24219999977503903,0.13100000069243833,7.399998139590025,202.75029999902472
1790878140000,36,18.299499999557156,178.20120000033057,5.078900001535658,0.7060999996610917,0.19529999917722307,1.86666683374723,202.4810000002617
1790889300000,231,17.743699998391094,177.79870000231313,18.16299999700277,3.3554000001458917,1.0740000034275,1.7069263800271097,218.13480000128038
1790894820000,138,17.7469000009296,177.3637999976927,15.086700001120334,2.0678000000771135,0.5999999993946403,1.6797102021434736,212.86519999921438
1790911080000,6,20.848299998760922,173.85510000167415,4.902399999991758,0.30930000139051117,0.09169999975711107,2.8333330798583725,200.00680000157445
1790912340000,28,21.118399999977555,181.26999999731197,5.224300002737436,0.6873999991512392,0.1846999984991271,2.17499967090719,208.48479999767733
1790923500000,27,22.62190000328701,177.58819999653497,6.458500000007916,0.5977000000711996,0.1644000003580004,1.9481484303940777,207.4307000002591
1790926560000,126,18.573400000605034,179.50270000073942,6.521999999677064,1.864399997430155,0.6040000007487833,1.9023812037341976,207.06649999920046
1790929680000,124,18.537199997808784,174.463300001662,4.776999998284737,2.0514000025286805,0.5779999992228113,1.716128985384374,200.406899999507
1790931720000,254,18.024299999524374,174.65199999787728,16.891800001758384,3.6338999998406507,1.4034999985597096,1.8905512396178363,214.6054999975604
1790931780000,285,19.119799999316456,178.59300000054645,18.890799998189323,5.8809000001929235,1.7932000009750482,2.3178947581950444,224.2776999992202
1790934960000,5,22.715999999491032,179.7088999992411,4.533600000286242,0.3355000008014031,0.12739999874611385,2.939999831141904,207.4213999985659
1790941440000,2,18.37570000134292,175.96259999845643,4.260400000930531,0.21610000112559646,0.06410000059986487,4.600002284860238,198.87890000245534
1790943960000,8,18.458999998983927,182.0867000024009,4.58979999893927,0.3192000003764406,0.08270000034826808,2.599999788799323,205.5374000010488
1790944260000,113,17.479900001490023,173.4915999986697,11.464900002465583,1.6847000006237067,0.4757999995490536,1.707079412623729,204.59690000279807
1790948160000,288,18.256300001667114,172.32039999726112,17.590700001164805,6.145999999716878,1.1680999996315222,1.6545137795118434,215.48149999944144
1790948460000,10,20.47339999990072,168.944900000497,3.572499997972045,0.6213999986357521,0.22740000349585898,3.3899996196851134,193.83960000050138
