subset,metric,mean,p50,p90,p99,max
ALL,old_decision_age_ms,5274.2515814399685,3172.818422317505,11708.5599899292,17816.5288209915,47275.15697479248
ALL,new_decision_age_ms,2795.6848649722065,2697.5211808561435,3036.385914743165,3449.813311369849,42210.434988728026
council_bar,old_decision_age_ms,11985.11317739407,11233.952045440674,15344.961404800415,21042.39177703857,47275.15697479248
council_bar,new_decision_age_ms,2726.8638047632458,2696.6143973380676,3033.212871759475,3368.6186403667084,3652.494233091944
non_council_bar,old_decision_age_ms,3161.763495265589,3018.214464187622,3567.4864768981934,4227.590088844299,42026.26705169678
non_council_bar,new_decision_age_ms,2817.3488000259363,2697.771075131983,3036.909217965309,3499.3363342029766,42210.434988728026
fast_path_compute_benchmark,signals,73.7,37.0,200.5,286.53,295.0
fast_path_compute_benchmark,features_ms,27.38027400014592,23.176749999038293,42.75343000153953,64.03707999939769,122.15909999940776
fast_path_compute_benchmark,population_indicators_ms,249.52382066650895,222.3106500005088,364.034640000682,436.2411400002745,498.6573999995017
fast_path_compute_benchmark,strategy_eval_497_ms,10.074520000077124,7.647750000614906,18.62198000017088,35.513247999369874,64.24189999961527
fast_path_compute_benchmark,decision_records_ms,1.753939333478532,1.1893499995494494,3.656209999826386,8.102660000004105,8.43949999762117
fast_path_compute_benchmark,gate_all_ms,0.5600226664440319,0.312149999444955,1.1478500025987155,2.930698001473498,5.911500000365777
fast_path_compute_benchmark,gate_per_decision_us,3.0938469477398853,2.4124059071843127,4.623244860743169,12.8305002908746,17.79999911377672
fast_path_compute_benchmark,fast_path_total_ms,289.2925766666546,256.68749999931606,423.91771000075096,496.3567079999484,596.9738000021607
