subset,max_entry_drift_bps,n,old_reject_share_est,new_reject_share_est,guaranteed_within_tolerance_exact,old_abs_drift_mean,old_abs_drift_p90,new_abs_drift_mean,new_abs_drift_p90,old_signed_drift_mean,new_signed_drift_mean
ALL,2,48016,0.31731089636787735,0.2672650783072309,0.03640453182272576,,,,,,
ALL,5,48016,0.06112545818060647,0.03423858713762079,0.23850383205598133,,,,,,
ALL,10,48016,0.008351382872375874,0.002186771076307897,0.6103382205931356,,,,,,
ALL,15,48016,0.0017077640786404532,0.00014578473842052648,0.8249333555481506,,,,,,
ALL,20,48016,0.0006247917360879707,6.247917360879707e-05,0.9236921026324558,,,,,,
ALL,summary,48016,,,,1.79439196743216,4.072361502214239,1.507452481284669,3.4216584123636373,0.08484567509176094,0.05930599585246849
council_bar,2,11496,0.4333681280445372,0.267223382045929,0.05340988169798191,,,,,,
council_bar,5,11496,0.13491649269311065,0.03288100208768267,0.2072894919972164,,,,,,
council_bar,10,11496,0.02592205984690327,0.0013048016701461378,0.5798538622129437,,,,,,
council_bar,15,11496,0.006437021572720946,8.698677800974252e-05,0.7949721642310369,,,,,,
council_bar,20,11496,0.002522616562282533,8.698677800974252e-05,0.9164057063326374,,,,,,
council_bar,summary,11496,,,,2.533798607968038,5.794868261149166,1.4886420476731559,3.336834298217628,0.2628542397059999,0.1731256857300015
non_council_bar,2,36520,0.2807776560788609,0.26727820372398686,0.03105147864184009,,,,,,
non_council_bar,5,36520,0.03789704271631982,0.03466593647316539,0.24832968236582695,,,,,,
non_council_bar,10,36520,0.0028203723986856516,0.0024644030668127055,0.619934282584885,,,,,,
non_council_bar,15,36520,0.0002190580503833516,0.0001642935377875137,0.8343647316538882,,,,,,
non_council_bar,20,36520,2.738225629791895e-05,5.47645125958379e-05,0.925985761226725,,,,,,
non_council_bar,summary,36520,,,,1.5616367993160472,3.518346491882873,1.5133737503098044,3.44943561701494,0.02881099659216372,0.023477103332421416
